2025-10-18 07:58:03,337 - safe_zone - INFO - Logging setup completed
2025-10-18 07:58:03,339 - safe_zone - INFO - Starting Safe Zone API Server
2025-10-18 07:58:03,380 - safe_zone - INFO - Database connection pool created
2025-10-18 07:58:03,380 - safe_zone - INFO - Database connection established
2025-10-18 08:05:08,987 - safe_zone - INFO - Database connection pool closed
2025-10-18 08:05:08,990 - safe_zone - INFO - Database connection closed
2025-10-18 08:05:08,990 - safe_zone - INFO - Safe Zone API Server stopped
2025-10-18 08:05:09,959 - safe_zone - INFO - Logging setup completed
2025-10-18 08:05:09,961 - safe_zone - INFO - Starting Safe Zone API Server
2025-10-18 08:05:10,007 - safe_zone - INFO - Database connection pool created
2025-10-18 08:05:10,007 - safe_zone - INFO - Database connection established
2025-10-18 08:05:51,513 - safe_zone - INFO - Database connection pool closed
2025-10-18 08:05:51,513 - safe_zone - INFO - Database connection closed
2025-10-18 08:05:51,513 - safe_zone - INFO - Safe Zone API Server stopped
2025-10-18 08:05:52,667 - safe_zone - INFO - Logging setup completed
2025-10-18 08:05:52,670 - safe_zone - INFO - Starting Safe Zone API Server
2025-10-18 08:05:52,717 - safe_zone - INFO - Database connection pool created
2025-10-18 08:05:52,717 - safe_zone - INFO - Database connection established
2025-10-18 08:05:53,022 - safe_zone - INFO - Database connection pool closed
2025-10-18 08:05:53,022 - safe_zone - INFO - Database connection closed
2025-10-18 08:05:53,023 - safe_zone - INFO - Safe Zone API Server stopped
2025-10-18 08:05:53,712 - safe_zone - INFO - Logging setup completed
2025-10-18 08:05:53,714 - safe_zone - INFO - Starting Safe Zone API Server
2025-10-18 08:05:53,756 - safe_zone - INFO - Database connection pool created
2025-10-18 08:05:53,756 - safe_zone - INFO - Database connection established
2025-10-18 08:07:25,524 - safe_zone - INFO - Database connection pool closed
2025-10-18 08:07:25,525 - safe_zone - INFO - Database connection closed
2025-10-18 08:07:25,525 - safe_zone - INFO - Safe Zone API Server stopped
2025-10-18 08:07:26,194 - safe_zone - INFO - Logging setup completed
2025-10-18 08:07:26,196 - safe_zone - INFO - Starting Safe Zone API Server
2025-10-18 08:07:26,237 - safe_zone - INFO - Database connection pool created
2025-10-18 08:07:26,237 - safe_zone - INFO - Database connection established
2025-10-18 08:15:56,077 - safe_zone - INFO - Database connection pool closed
2025-10-18 08:15:56,078 - safe_zone - INFO - Database connection closed
2025-10-18 08:15:56,079 - safe_zone - INFO - Safe Zone API Server stopped
2025-10-18 08:15:56,770 - safe_zone - INFO - Logging setup completed
2025-10-18 08:15:56,773 - safe_zone - INFO - Starting Safe Zone API Server
2025-10-18 08:15:56,816 - safe_zone - INFO - Database connection pool created
2025-10-18 08:15:56,816 - safe_zone - INFO - Database connection established
2025-10-18 08:21:04,130 - safe_zone - INFO - Database connection pool closed
2025-10-18 08:21:04,131 - safe_zone - INFO - Database connection closed
2025-10-18 08:21:04,131 - safe_zone - INFO - Safe Zone API Server stopped
2025-10-18 08:21:04,841 - safe_zone - INFO - Logging setup completed
2025-10-18 08:21:04,842 - safe_zone - INFO - Starting Safe Zone API Server
2025-10-18 08:21:04,847 - safe_zone - ERROR - Database connection failed: [Errno -2] Name or service not known
2025-10-18 08:21:52,711 - safe_zone - INFO - Logging setup completed
2025-10-18 08:21:52,713 - safe_zone - INFO - Starting Safe Zone API Server
2025-10-18 08:21:52,717 - safe_zone - ERROR - Database connection failed: [Errno -2] Name or service not known
2025-10-18 08:33:02,910 - safe_zone - INFO - Logging setup completed
2025-10-18 08:33:02,915 - safe_zone - INFO - Starting Safe Zone API Server
2025-10-18 08:33:02,921 - safe_zone - ERROR - Database connection failed: [Errno -2] Name or service not known
2025-10-18 08:33:38,928 - safe_zone - INFO - Logging setup completed
2025-10-18 08:33:38,930 - safe_zone - INFO - Starting Safe Zone API Server
2025-10-18 08:33:38,938 - safe_zone - ERROR - Database connection failed: [Errno -2] Name or service not known
2025-10-18 08:34:08,716 - safe_zone - INFO - Logging setup completed
2025-10-18 08:34:08,718 - safe_zone - INFO - Starting Safe Zone API Server
2025-10-18 08:34:08,723 - safe_zone - ERROR - Database connection failed: [Errno -2] Name or service not known
2025-10-18 08:40:03,462 - safe_zone - INFO - Logging setup completed
2025-10-18 08:40:03,482 - safe_zone - INFO - Logging setup completed
2025-10-18 08:40:03,483 - safe_zone - INFO - Starting Safe Zone API Server
2025-10-18 08:40:03,484 - safe_zone - INFO - Attempting to connect to: localhost:5432/safe_zone
2025-10-18 08:40:03,489 - safe_zone - ERROR - Database connection failed: [Errno -2] Name or service not known
2025-10-18 08:40:03,489 - safe_zone - ERROR - Connection details - Host: localhost, Port: 5432, DB: safe_zone, User: safe_zone_user
2025-10-18 08:40:41,773 - safe_zone - INFO - Logging setup completed
2025-10-18 08:40:41,794 - safe_zone - INFO - Logging setup completed
2025-10-18 08:40:41,795 - safe_zone - INFO - Starting Safe Zone API Server
2025-10-18 08:40:41,795 - safe_zone.database - INFO - Attempting to connect to: localhost:5432/safe_zone
2025-10-18 08:40:41,800 - safe_zone.database - ERROR - Database connection failed: [Errno -2] Name or service not known
2025-10-18 08:40:41,801 - safe_zone.database - ERROR - Connection details - Host: localhost, Port: 5432, DB: safe_zone, User: safe_zone_user
2025-10-18 08:41:26,024 - safe_zone - INFO - Logging setup completed
2025-10-18 08:41:26,044 - safe_zone - INFO - Logging setup completed
2025-10-18 08:41:26,045 - safe_zone - INFO - Starting Safe Zone API Server
2025-10-18 08:41:26,045 - safe_zone.database - INFO - Attempting to connect to: localhost:5432/safe_zone
2025-10-18 08:41:26,050 - safe_zone.database - ERROR - Database connection failed: [Errno -2] Name or service not known
2025-10-18 08:41:26,050 - safe_zone.database - ERROR - Connection details - Host: localhost, Port: 5432, DB: safe_zone, User: safe_zone_user
2025-10-18 08:42:18,394 - safe_zone - INFO - Logging setup completed
2025-10-18 08:42:18,415 - safe_zone - INFO - Logging setup completed
2025-10-18 08:42:18,417 - safe_zone - INFO - Starting Safe Zone API Server
2025-10-18 08:42:18,417 - safe_zone.database - INFO - Attempting to connect to: localhost:5432/safe_zone
2025-10-18 08:42:18,421 - safe_zone.database - ERROR - Database connection failed: [Errno -2] Name or service not known
2025-10-18 08:42:18,421 - safe_zone.database - ERROR - Connection details - Host: localhost, Port: 5432, DB: safe_zone, User: safe_zone_user
2025-10-18 08:42:31,005 - safe_zone - INFO - Logging setup completed
2025-10-18 08:42:31,024 - safe_zone - INFO - Logging setup completed
2025-10-18 08:42:31,026 - safe_zone - INFO - Starting Safe Zone API Server
2025-10-18 08:42:31,026 - safe_zone.database - INFO - Attempting to connect to: localhost:5432/safe_zone
2025-10-18 08:42:31,030 - safe_zone.database - ERROR - Database connection failed: [Errno -2] Name or service not known
2025-10-18 08:42:31,030 - safe_zone.database - ERROR - Connection details - Host: localhost, Port: 5432, DB: safe_zone, User: safe_zone_user
2025-10-18 08:43:18,564 - safe_zone - INFO - Logging setup completed
2025-10-18 08:43:18,586 - safe_zone - INFO - Logging setup completed
2025-10-18 08:43:18,588 - safe_zone - INFO - Starting Safe Zone API Server
2025-10-18 08:43:18,588 - safe_zone.database - INFO - Attempting to connect to: localhost:5432/safe_zone
2025-10-18 08:43:18,591 - safe_zone.database - ERROR - Database connection failed: [Errno -2] Name or service not known
2025-10-18 08:43:18,591 - safe_zone.database - ERROR - Connection details - Host: localhost, Port: 5432, DB: safe_zone, User: safe_zone_user
2025-10-18 08:43:38,857 - safe_zone - INFO - Logging setup completed
2025-10-18 08:43:38,876 - safe_zone - INFO - Logging setup completed
2025-10-18 08:43:38,878 - safe_zone - INFO - Starting Safe Zone API Server
2025-10-18 08:43:38,878 - safe_zone.database - INFO - Attempting to connect to: localhost:5432/safe_zone
2025-10-18 08:43:38,882 - safe_zone.database - ERROR - Database connection failed: [Errno -2] Name or service not known
2025-10-18 08:43:38,882 - safe_zone.database - ERROR - Connection details - Host: localhost, Port: 5432, DB: safe_zone, User: safe_zone_user
2025-10-18 08:44:31,248 - safe_zone - INFO - Logging setup completed
2025-10-18 08:44:32,048 - safe_zone - INFO - Logging setup completed
2025-10-18 08:44:32,067 - safe_zone - INFO - Logging setup completed
2025-10-18 08:44:32,069 - safe_zone - INFO - Starting Safe Zone API Server
2025-10-18 08:44:32,069 - safe_zone.database - INFO - Attempting to connect to: localhost:5432/safe_zone
2025-10-18 08:44:32,073 - safe_zone.database - ERROR - Database connection failed: [Errno -2] Name or service not known
2025-10-18 08:44:32,074 - safe_zone.database - ERROR - Connection details - Host: localhost, Port: 5432, DB: safe_zone, User: safe_zone_user
2025-10-18 08:50:15,199 - safe_zone - INFO - Logging setup completed
2025-10-18 08:50:15,218 - safe_zone - INFO - Logging setup completed
2025-10-18 08:50:15,219 - safe_zone - INFO - Starting Safe Zone API Server
2025-10-18 08:50:15,219 - safe_zone.database - INFO - Attempting to connect to: 127.0.0.1:5432/safe_zone
2025-10-18 08:50:15,224 - safe_zone.database - ERROR - Database connection failed: [Errno -2] Name or service not known
2025-10-18 08:50:15,224 - safe_zone.database - ERROR - Connection details - Host: 127.0.0.1, Port: 5432, DB: safe_zone, User: safe_zone_user
2025-10-18 08:56:50,365 - safe_zone - INFO - Logging setup completed
2025-10-18 08:56:50,413 - safe_zone - INFO - Logging setup completed
2025-10-18 08:56:50,415 - safe_zone - INFO - Starting Safe Zone API Server
2025-10-18 08:56:50,415 - safe_zone.database - INFO - Attempting to connect to: 127.0.0.1:5432/safe_zone
2025-10-18 08:56:50,420 - safe_zone.database - ERROR - Database connection failed: [Errno -2] Name or service not known
2025-10-18 08:56:50,421 - safe_zone.database - ERROR - Connection details - Host: 127.0.0.1, Port: 5432, DB: safe_zone, User: safe_zone_user
2025-10-18 09:01:57,024 - safe_zone - INFO - Logging setup completed
2025-10-18 09:01:57,042 - safe_zone - INFO - Logging setup completed
2025-10-18 09:01:57,043 - safe_zone - INFO - Starting Safe Zone API Server
2025-10-18 09:01:57,044 - safe_zone.database - INFO - Attempting to connect to: 127.0.0.1:5433/safe_zone
2025-10-18 09:01:57,051 - safe_zone.database - ERROR - Database connection failed: [Errno -2] Name or service not known
2025-10-18 09:01:57,051 - safe_zone.database - ERROR - Connection details - Host: 127.0.0.1, Port: 5433, DB: safe_zone, User: safe_zone_user
2025-10-18 09:02:16,593 - safe_zone - INFO - Logging setup completed
2025-10-18 09:02:16,612 - safe_zone - INFO - Logging setup completed
2025-10-18 09:02:16,613 - safe_zone - INFO - Starting Safe Zone API Server
2025-10-18 09:02:16,613 - safe_zone.database - INFO - Attempting to connect to: 127.0.0.1:5433/safe_zone
2025-10-18 09:02:16,617 - safe_zone.database - ERROR - Database connection failed: [Errno -2] Name or service not known
2025-10-18 09:02:16,617 - safe_zone.database - ERROR - Connection details - Host: 127.0.0.1, Port: 5433, DB: safe_zone, User: safe_zone_user
2025-10-18 09:03:30,448 - safe_zone - INFO - Logging setup completed
2025-10-18 09:03:30,467 - safe_zone - INFO - Logging setup completed
2025-10-18 09:03:30,468 - safe_zone - INFO - Starting Safe Zone API Server
2025-10-18 09:03:30,468 - safe_zone.database - INFO - Attempting to connect to: 127.0.0.1:5433/safe_zone
2025-10-18 09:03:30,472 - safe_zone.database - ERROR - Database connection failed: [Errno -2] Name or service not known
2025-10-18 09:03:30,472 - safe_zone.database - ERROR - Connection details - Host: 127.0.0.1, Port: 5433, DB: safe_zone, User: safe_zone_user
2025-10-18 13:17:26,382 - safe_zone - INFO - Logging setup completed
2025-10-18 13:19:36,137 - safe_zone - INFO - Logging setup completed
2025-10-18 13:19:36,166 - safe_zone - INFO - Logging setup completed
2025-10-18 13:19:36,169 - safe_zone - INFO - Starting Safe Zone API Server
2025-10-18 13:19:36,169 - safe_zone.database - INFO - Attempting to connect to: 127.0.0.1:5433/safe_zone
2025-10-18 13:19:36,221 - safe_zone.database - INFO - Database connection pool created successfully
2025-10-18 13:19:36,224 - safe_zone.database - INFO - Database version: PostgreSQL 14.19 (Ubuntu 14.19-0ubuntu0.22.04.1) on x86_64-pc-linux-gnu
2025-10-18 13:19:36,231 - safe_zone - INFO - Database connection established
2025-10-18 13:20:39,315 - safe_zone.database - INFO - Database connection pool closed
2025-10-18 13:20:39,315 - safe_zone - INFO - Database connection closed
2025-10-18 13:20:39,316 - safe_zone - INFO - Safe Zone API Server stopped
2025-10-18 13:20:40,039 - safe_zone - INFO - Logging setup completed
2025-10-18 13:20:40,059 - safe_zone - INFO - Logging setup completed
2025-10-18 13:20:40,061 - safe_zone - INFO - Starting Safe Zone API Server
2025-10-18 13:20:40,061 - safe_zone.database - INFO - Attempting to connect to: 127.0.0.1:5433/safe_zone
2025-10-18 13:20:40,108 - safe_zone.database - INFO - Database connection pool created successfully
2025-10-18 13:20:40,109 - safe_zone.database - INFO - Database version: PostgreSQL 14.19 (Ubuntu 14.19-0ubuntu0.22.04.1) on x86_64-pc-linux-gnu
2025-10-18 13:20:40,110 - safe_zone - INFO - Database connection established
2025-10-18 13:39:37,472 - safe_zone.health - INFO - Health check - Database connected
2025-10-18 13:40:31,565 - safe_zone.database - INFO - Database connection pool closed
2025-10-18 13:40:31,565 - safe_zone - INFO - Database connection closed
2025-10-18 13:40:31,566 - safe_zone - INFO - Safe Zone API Server stopped
2025-10-18 13:40:32,285 - safe_zone - INFO - Logging setup completed
2025-10-18 13:40:32,305 - safe_zone - INFO - Logging setup completed
2025-10-18 13:40:32,307 - safe_zone - INFO - Starting Safe Zone API Server
2025-10-18 13:40:32,307 - safe_zone.database - INFO - Attempting to connect to: 127.0.0.1:5433/safe_zone
2025-10-18 13:40:32,364 - safe_zone.database - INFO - Database connection pool created successfully
2025-10-18 13:40:32,366 - safe_zone.database - INFO - Database version: PostgreSQL 14.19 (Ubuntu 14.19-0ubuntu0.22.04.1) on x86_64-pc-linux-gnu
2025-10-18 13:40:32,367 - safe_zone - INFO - Database connection established
2025-10-18 13:41:44,498 - safe_zone.database - INFO - Database connection pool closed
2025-10-18 13:41:44,499 - safe_zone - INFO - Database connection closed
2025-10-18 13:41:44,499 - safe_zone - INFO - Safe Zone API Server stopped
2025-10-18 13:41:45,232 - safe_zone - INFO - Logging setup completed
2025-10-18 13:41:45,252 - safe_zone - INFO - Logging setup completed
2025-10-18 13:41:45,254 - safe_zone - INFO - Starting Safe Zone API Server
2025-10-18 13:41:45,254 - safe_zone.database - INFO - Attempting to connect to: 127.0.0.1:5433/safe_zone
2025-10-18 13:41:45,300 - safe_zone.database - INFO - Database connection pool created successfully
2025-10-18 13:41:45,301 - safe_zone.database - INFO - Database version: PostgreSQL 14.19 (Ubuntu 14.19-0ubuntu0.22.04.1) on x86_64-pc-linux-gnu
2025-10-18 13:41:45,302 - safe_zone - INFO - Database connection established
2025-10-18 13:46:14,031 - safe_zone.database - INFO - Database connection pool closed
2025-10-18 13:46:14,032 - safe_zone - INFO - Database connection closed
2025-10-18 13:46:14,032 - safe_zone - INFO - Safe Zone API Server stopped
2025-10-18 13:46:14,801 - safe_zone - INFO - Logging setup completed
2025-10-18 13:47:39,440 - safe_zone - INFO - Logging setup completed
2025-10-18 13:49:29,124 - safe_zone - INFO - Logging setup completed
2025-10-18 13:49:29,148 - safe_zone - INFO - Logging setup completed
2025-10-18 13:49:29,150 - safe_zone - INFO - Starting Safe Zone API Server
2025-10-18 13:49:29,151 - safe_zone.database - INFO - Attempting to connect to: 127.0.0.1:5433/safe_zone
2025-10-18 13:49:29,214 - safe_zone.database - INFO - Database connection pool created successfully
2025-10-18 13:49:29,223 - safe_zone.database - INFO - Database timezone configured: UTC
2025-10-18 13:49:29,223 - safe_zone.database - INFO - Current database time (UTC): 2025-10-18 09:49:29.218297+00:00
2025-10-18 13:49:29,228 - safe_zone.database - INFO - Timezone-aware timestamp: 2025-10-18 09:49:29.223956+00:00
2025-10-18 13:49:29,230 - safe_zone - INFO - Database connection established
2025-10-18 13:50:41,339 - safe_zone.health - INFO - Health check - Database connected
2025-10-18 13:52:15,515 - safe_zone.database - INFO - Database connection pool closed
2025-10-18 13:52:15,516 - safe_zone - INFO - Database connection closed
2025-10-18 13:52:15,516 - safe_zone - INFO - Safe Zone API Server stopped
2025-10-18 13:52:16,303 - safe_zone - INFO - Logging setup completed
2025-10-18 13:52:16,325 - safe_zone - INFO - Logging setup completed
2025-10-18 13:52:16,327 - safe_zone - INFO - Starting Safe Zone API Server
2025-10-18 13:52:16,327 - safe_zone.database - INFO - Attempting to connect to: 127.0.0.1:5433/safe_zone
2025-10-18 13:52:16,372 - safe_zone.database - INFO - Database connection pool created successfully
2025-10-18 13:52:16,375 - safe_zone.database - INFO - Database timezone configured: UTC
2025-10-18 13:52:16,375 - safe_zone.database - INFO - Current database time (UTC): 2025-10-18 09:52:16.374161+00:00
2025-10-18 13:52:16,377 - safe_zone.database - INFO - Timezone-aware timestamp: 2025-10-18 09:52:16.375714+00:00
2025-10-18 13:52:16,378 - safe_zone - INFO - Database connection established
2025-10-18 13:53:23,581 - safe_zone.database - INFO - Database connection pool closed
2025-10-18 13:53:23,582 - safe_zone - INFO - Database connection closed
2025-10-18 13:53:23,582 - safe_zone - INFO - Safe Zone API Server stopped
2025-10-18 13:53:24,294 - safe_zone - INFO - Logging setup completed
2025-10-18 13:53:24,320 - safe_zone - INFO - Logging setup completed
2025-10-18 13:53:24,324 - safe_zone - INFO - Starting Safe Zone API Server
2025-10-18 13:53:24,325 - safe_zone.database - INFO - Attempting to connect to: 127.0.0.1:5433/safe_zone
2025-10-18 13:53:24,368 - safe_zone.database - INFO - Database connection pool created successfully
2025-10-18 13:53:24,372 - safe_zone.database - INFO - Database timezone configured: UTC
2025-10-18 13:53:24,372 - safe_zone.database - INFO - Current database time (UTC): 2025-10-18 09:53:24.370447+00:00
2025-10-18 13:53:24,373 - safe_zone.database - INFO - Timezone-aware timestamp: 2025-10-18 09:53:24.373013+00:00
2025-10-18 13:53:24,374 - safe_zone - INFO - Database connection established
2025-10-18 14:00:29,143 - safe_zone.database - INFO - Database connection pool closed
2025-10-18 14:00:29,144 - safe_zone - INFO - Database connection closed
2025-10-18 14:00:29,144 - safe_zone - INFO - Safe Zone API Server stopped
2025-10-18 14:00:29,880 - safe_zone - INFO - Logging setup completed
2025-10-18 14:00:29,903 - safe_zone - INFO - Logging setup completed
2025-10-18 14:00:29,905 - safe_zone - INFO - Starting Safe Zone API Server
2025-10-18 14:00:29,906 - safe_zone.database - INFO - Attempting to connect to: 127.0.0.1:5433/safe_zone
2025-10-18 14:00:29,951 - safe_zone.database - INFO - Database connection pool created successfully
2025-10-18 14:00:29,953 - safe_zone.database - INFO - Database timezone configured: UTC
2025-10-18 14:00:29,954 - safe_zone.database - INFO - Current database time (UTC): 2025-10-18 10:00:29.952870+00:00
2025-10-18 14:00:29,955 - safe_zone.database - INFO - Timezone-aware timestamp: 2025-10-18 10:00:29.954478+00:00
2025-10-18 14:00:29,978 - safe_zone.database - INFO - Timezone conversion test passed: False
2025-10-18 14:00:29,979 - safe_zone - INFO - Database connection established
2025-10-18 14:01:42,014 - safe_zone.database - INFO - Database connection pool closed
2025-10-18 14:01:42,014 - safe_zone - INFO - Database connection closed
2025-10-18 14:01:42,015 - safe_zone - INFO - Safe Zone API Server stopped
2025-10-18 14:01:42,798 - safe_zone - INFO - Logging setup completed
2025-10-18 14:01:42,821 - safe_zone - INFO - Logging setup completed
2025-10-18 14:01:42,823 - safe_zone - INFO - Starting Safe Zone API Server
2025-10-18 14:01:42,823 - safe_zone.database - INFO - Attempting to connect to: 127.0.0.1:5433/safe_zone
2025-10-18 14:01:42,869 - safe_zone.database - INFO - Database connection pool created successfully
2025-10-18 14:01:42,872 - safe_zone.database - INFO - Database timezone configured: UTC
2025-10-18 14:01:42,873 - safe_zone.database - INFO - Current database time (UTC): 2025-10-18 10:01:42.871736+00:00
2025-10-18 14:01:42,874 - safe_zone.database - INFO - Timezone-aware timestamp: 2025-10-18 10:01:42.873682+00:00
2025-10-18 14:01:42,876 - safe_zone.database - INFO - Timezone conversion test passed: False
2025-10-18 14:01:42,877 - safe_zone - INFO - Database connection established
2025-10-18 14:09:50,412 - safe_zone.database - INFO - Database connection pool closed
2025-10-18 14:09:50,413 - safe_zone - INFO - Database connection closed
2025-10-18 14:09:50,414 - safe_zone - INFO - Safe Zone API Server stopped
2025-10-18 14:09:51,106 - safe_zone - INFO - Logging setup completed
2025-10-18 14:09:51,126 - safe_zone - INFO - Logging setup completed
2025-10-18 14:09:51,127 - safe_zone - INFO - Starting Safe Zone API Server
2025-10-18 14:09:51,128 - safe_zone.database - INFO - Attempting to connect to: 127.0.0.1:5433/safe_zone
2025-10-18 14:09:51,170 - safe_zone.database - INFO - Database connection pool created successfully
2025-10-18 14:09:51,173 - safe_zone.database - INFO - Database timezone configured: UTC
2025-10-18 14:09:51,173 - safe_zone.database - INFO - Current database time (UTC): 2025-10-18 10:09:51.172287+00:00
2025-10-18 14:09:51,174 - safe_zone.database - INFO - Timezone-aware timestamp: 2025-10-18 10:09:51.173907+00:00
2025-10-18 14:09:51,176 - safe_zone.database - INFO - Timezone conversion test passed: False
2025-10-18 14:09:51,177 - safe_zone - INFO - Database connection established
2025-10-18 14:14:12,405 - safe_zone.database - INFO - Database connection pool closed
2025-10-18 14:14:12,406 - safe_zone - INFO - Database connection closed
2025-10-18 14:14:12,406 - safe_zone - INFO - Safe Zone API Server stopped
2025-10-18 14:14:13,158 - safe_zone - INFO - Logging setup completed
2025-10-18 14:14:13,183 - safe_zone - INFO - Logging setup completed
2025-10-18 14:14:13,187 - safe_zone - INFO - Starting Safe Zone API Server
2025-10-18 14:14:13,187 - safe_zone.database - INFO - Attempting to connect to: 127.0.0.1:5433/safe_zone
2025-10-18 14:14:13,237 - safe_zone.database - INFO - Database connection pool created successfully
2025-10-18 14:14:13,240 - safe_zone.database - INFO - Database timezone configured: UTC
2025-10-18 14:14:13,240 - safe_zone.database - INFO - Current database time (UTC): 2025-10-18 10:14:13.239598+00:00
2025-10-18 14:14:13,242 - safe_zone.database - INFO - Timezone-aware timestamp: 2025-10-18 10:14:13.241347+00:00
2025-10-18 14:14:13,244 - safe_zone.database - INFO - Timezone conversion test passed: False
2025-10-18 14:14:13,245 - safe_zone - INFO - Database connection established
2025-10-18 14:15:03,924 - safe_zone.database - INFO - Database connection pool closed
2025-10-18 14:15:03,924 - safe_zone - INFO - Database connection closed
2025-10-18 14:15:03,925 - safe_zone - INFO - Safe Zone API Server stopped
2025-10-18 14:15:04,670 - safe_zone - INFO - Logging setup completed
2025-10-18 14:15:04,691 - safe_zone - INFO - Logging setup completed
2025-10-18 14:15:04,692 - safe_zone - INFO - Starting Safe Zone API Server
2025-10-18 14:15:04,692 - safe_zone.database - INFO - Attempting to connect to: 127.0.0.1:5433/safe_zone
2025-10-18 14:15:04,741 - safe_zone.database - INFO - Database connection pool created successfully
2025-10-18 14:15:04,744 - safe_zone.database - INFO - Database timezone configured: UTC
2025-10-18 14:15:04,744 - safe_zone.database - INFO - Current database time (UTC): 2025-10-18 10:15:04.743227+00:00
2025-10-18 14:15:04,746 - safe_zone.database - INFO - Timezone-aware timestamp: 2025-10-18 10:15:04.745087+00:00
2025-10-18 14:15:04,748 - safe_zone.database - INFO - Timezone conversion test passed: False
2025-10-18 14:15:04,749 - safe_zone - INFO - Database connection established
2025-10-18 14:17:34,430 - safe_zone.database - INFO - Database connection pool closed
2025-10-18 14:17:34,430 - safe_zone - INFO - Database connection closed
2025-10-18 14:17:34,431 - safe_zone - INFO - Safe Zone API Server stopped
2025-10-18 14:17:35,146 - safe_zone - INFO - Logging setup completed
2025-10-18 14:17:35,168 - safe_zone - INFO - Logging setup completed
2025-10-18 14:17:35,170 - safe_zone - INFO - Starting Safe Zone API Server
2025-10-18 14:17:35,170 - safe_zone.database - INFO - Attempting to connect to: 127.0.0.1:5433/safe_zone
2025-10-18 14:17:35,221 - safe_zone.database - INFO - Database connection pool created successfully
2025-10-18 14:17:35,224 - safe_zone.database - INFO - Database timezone configured: UTC
2025-10-18 14:17:35,225 - safe_zone.database - INFO - Current database time (UTC): 2025-10-18 10:17:35.223859+00:00
2025-10-18 14:17:35,227 - safe_zone.database - INFO - Timezone-aware timestamp: 2025-10-18 10:17:35.225576+00:00
2025-10-18 14:17:35,229 - safe_zone.database - INFO - Timezone conversion test passed: False
2025-10-18 14:17:35,229 - safe_zone - INFO - Database connection established
2025-10-18 14:19:32,601 - safe_zone.database - INFO - Database connection pool closed
2025-10-18 14:19:32,602 - safe_zone - INFO - Database connection closed
2025-10-18 14:19:32,602 - safe_zone - INFO - Safe Zone API Server stopped
2025-10-18 14:19:33,347 - safe_zone - INFO - Logging setup completed
2025-10-18 14:19:33,368 - safe_zone - INFO - Logging setup completed
2025-10-18 14:19:33,371 - safe_zone - INFO - Starting Safe Zone API Server
2025-10-18 14:19:33,371 - safe_zone.database - INFO - Attempting to connect to: 127.0.0.1:5433/safe_zone
2025-10-18 14:19:33,421 - safe_zone.database - INFO - Database connection pool created successfully
2025-10-18 14:19:33,424 - safe_zone.database - INFO - Database timezone configured: UTC
2025-10-18 14:19:33,424 - safe_zone.database - INFO - Current database time (UTC): 2025-10-18 10:19:33.423502+00:00
2025-10-18 14:19:33,426 - safe_zone.database - INFO - Timezone-aware timestamp: 2025-10-18 10:19:33.425295+00:00
2025-10-18 14:19:33,428 - safe_zone.database - INFO - Timezone conversion test passed: False
2025-10-18 14:19:33,429 - safe_zone - INFO - Database connection established
2025-10-18 14:20:07,200 - safe_zone.database - INFO - Database connection pool closed
2025-10-18 14:20:07,201 - safe_zone - INFO - Database connection closed
2025-10-18 14:20:07,201 - safe_zone - INFO - Safe Zone API Server stopped
2025-10-18 14:20:07,922 - safe_zone - INFO - Logging setup completed
2025-10-18 14:20:07,944 - safe_zone - INFO - Logging setup completed
2025-10-18 14:20:07,946 - safe_zone - INFO - Starting Safe Zone API Server
2025-10-18 14:20:07,946 - safe_zone.database - INFO - Attempting to connect to: 127.0.0.1:5433/safe_zone
2025-10-18 14:20:07,996 - safe_zone.database - INFO - Database connection pool created successfully
2025-10-18 14:20:07,999 - safe_zone.database - INFO - Database timezone configured: UTC
2025-10-18 14:20:07,999 - safe_zone.database - INFO - Current database time (UTC): 2025-10-18 10:20:07.998149+00:00
2025-10-18 14:20:08,000 - safe_zone.database - INFO - Timezone-aware timestamp: 2025-10-18 10:20:07.999582+00:00
2025-10-18 14:20:08,002 - safe_zone.database - INFO - Timezone conversion test passed: False
2025-10-18 14:20:08,003 - safe_zone - INFO - Database connection established
2025-10-18 14:21:00,095 - safe_zone.database - INFO - Database connection pool closed
2025-10-18 14:21:00,096 - safe_zone - INFO - Database connection closed
2025-10-18 14:21:00,096 - safe_zone - INFO - Safe Zone API Server stopped
2025-10-18 14:21:00,846 - safe_zone - INFO - Logging setup completed
2025-10-18 14:21:00,868 - safe_zone - INFO - Logging setup completed
2025-10-18 14:21:00,870 - safe_zone - INFO - Starting Safe Zone API Server
2025-10-18 14:21:00,870 - safe_zone.database - INFO - Attempting to connect to: 127.0.0.1:5433/safe_zone
2025-10-18 14:21:00,920 - safe_zone.database - INFO - Database connection pool created successfully
2025-10-18 14:21:00,923 - safe_zone.database - INFO - Database timezone configured: UTC
2025-10-18 14:21:00,923 - safe_zone.database - INFO - Current database time (UTC): 2025-10-18 10:21:00.922586+00:00
2025-10-18 14:21:00,925 - safe_zone.database - INFO - Timezone-aware timestamp: 2025-10-18 10:21:00.924163+00:00
2025-10-18 14:21:00,927 - safe_zone.database - INFO - Timezone conversion test passed: False
2025-10-18 14:21:00,928 - safe_zone - INFO - Database connection established
2025-10-18 14:22:12,848 - safe_zone.database - INFO - Database connection pool closed
2025-10-18 14:22:12,849 - safe_zone - INFO - Database connection closed
2025-10-18 14:22:12,850 - safe_zone - INFO - Safe Zone API Server stopped
2025-10-18 14:22:13,599 - safe_zone - INFO - Logging setup completed
2025-10-18 14:22:13,621 - safe_zone - INFO - Logging setup completed
2025-10-18 14:22:13,623 - safe_zone - INFO - Starting Safe Zone API Server
2025-10-18 14:22:13,623 - safe_zone.database - INFO - Attempting to connect to: 127.0.0.1:5433/safe_zone
2025-10-18 14:22:13,670 - safe_zone.database - INFO - Database connection pool created successfully
2025-10-18 14:22:13,673 - safe_zone.database - INFO - Database timezone configured: UTC
2025-10-18 14:22:13,673 - safe_zone.database - INFO - Current database time (UTC): 2025-10-18 10:22:13.672371+00:00
2025-10-18 14:22:13,675 - safe_zone.database - INFO - Timezone-aware timestamp: 2025-10-18 10:22:13.674179+00:00
2025-10-18 14:22:13,677 - safe_zone.database - INFO - Timezone conversion test passed: False
2025-10-18 14:22:13,678 - safe_zone - INFO - Database connection established
2025-10-18 14:22:35,959 - safe_zone.database - INFO - Database connection pool closed
2025-10-18 14:22:35,960 - safe_zone - INFO - Database connection closed
2025-10-18 14:22:35,960 - safe_zone - INFO - Safe Zone API Server stopped
2025-10-18 14:22:36,667 - safe_zone - INFO - Logging setup completed
2025-10-18 14:22:36,688 - safe_zone - INFO - Logging setup completed
2025-10-18 14:22:36,690 - safe_zone - INFO - Starting Safe Zone API Server
2025-10-18 14:22:36,690 - safe_zone.database - INFO - Attempting to connect to: 127.0.0.1:5433/safe_zone
2025-10-18 14:22:36,734 - safe_zone.database - INFO - Database connection pool created successfully
2025-10-18 14:22:36,737 - safe_zone.database - INFO - Database timezone configured: UTC
2025-10-18 14:22:36,738 - safe_zone.database - INFO - Current database time (UTC): 2025-10-18 10:22:36.736764+00:00
2025-10-18 14:22:36,739 - safe_zone.database - INFO - Timezone-aware timestamp: 2025-10-18 10:22:36.738410+00:00
2025-10-18 14:22:36,741 - safe_zone.database - INFO - Timezone conversion test passed: False
2025-10-18 14:22:36,742 - safe_zone - INFO - Database connection established
2025-10-18 14:23:09,877 - safe_zone.database - INFO - Database connection pool closed
2025-10-18 14:23:09,877 - safe_zone - INFO - Database connection closed
2025-10-18 14:23:09,878 - safe_zone - INFO - Safe Zone API Server stopped
2025-10-18 14:23:10,594 - safe_zone - INFO - Logging setup completed
2025-10-18 14:23:10,614 - safe_zone - INFO - Logging setup completed
2025-10-18 14:23:10,616 - safe_zone - INFO - Starting Safe Zone API Server
2025-10-18 14:23:10,616 - safe_zone.database - INFO - Attempting to connect to: 127.0.0.1:5433/safe_zone
2025-10-18 14:23:10,662 - safe_zone.database - INFO - Database connection pool created successfully
2025-10-18 14:23:10,666 - safe_zone.database - INFO - Database timezone configured: UTC
2025-10-18 14:23:10,666 - safe_zone.database - INFO - Current database time (UTC): 2025-10-18 10:23:10.665245+00:00
2025-10-18 14:23:10,668 - safe_zone.database - INFO - Timezone-aware timestamp: 2025-10-18 10:23:10.667137+00:00
2025-10-18 14:23:10,670 - safe_zone.database - INFO - Timezone conversion test passed: False
2025-10-18 14:23:10,671 - safe_zone - INFO - Database connection established
2025-10-18 14:24:02,913 - safe_zone.database - INFO - Database connection pool closed
2025-10-18 14:24:02,914 - safe_zone - INFO - Database connection closed
2025-10-18 14:24:02,914 - safe_zone - INFO - Safe Zone API Server stopped
2025-10-18 14:24:03,620 - safe_zone - INFO - Logging setup completed
2025-10-18 14:24:03,641 - safe_zone - INFO - Logging setup completed
2025-10-18 14:24:03,643 - safe_zone - INFO - Starting Safe Zone API Server
2025-10-18 14:24:03,643 - safe_zone.database - INFO - Attempting to connect to: 127.0.0.1:5433/safe_zone
2025-10-18 14:24:03,688 - safe_zone.database - INFO - Database connection pool created successfully
2025-10-18 14:24:03,692 - safe_zone.database - INFO - Database timezone configured: UTC
2025-10-18 14:24:03,692 - safe_zone.database - INFO - Current database time (UTC): 2025-10-18 10:24:03.691226+00:00
2025-10-18 14:24:03,694 - safe_zone.database - INFO - Timezone-aware timestamp: 2025-10-18 10:24:03.692936+00:00
2025-10-18 14:24:03,695 - safe_zone.database - INFO - Timezone conversion test passed: False
2025-10-18 14:24:03,696 - safe_zone - INFO - Database connection established
2025-10-18 14:24:32,481 - safe_zone.health - INFO - Health check - Database connected
2025-10-18 14:31:51,865 - safe_zone.database - INFO - Database connection pool closed
2025-10-18 14:31:51,865 - safe_zone - INFO - Database connection closed
2025-10-18 14:31:51,866 - safe_zone - INFO - Safe Zone API Server stopped
2025-10-18 14:31:52,553 - safe_zone - INFO - Logging setup completed
2025-10-18 14:31:52,573 - safe_zone - INFO - Logging setup completed
2025-10-18 14:31:52,575 - safe_zone - INFO - Starting Safe Zone API Server
2025-10-18 14:31:52,575 - safe_zone.database - INFO - Attempting to connect to: 127.0.0.1:5433/safe_zone
2025-10-18 14:31:52,615 - safe_zone.database - INFO - Database connection pool created successfully
2025-10-18 14:31:52,617 - safe_zone.database - INFO - Database timezone configured: UTC
2025-10-18 14:31:52,617 - safe_zone.database - INFO - Current database time (UTC): 2025-10-18 10:31:52.616758+00:00
2025-10-18 14:31:52,619 - safe_zone.database - INFO - Timezone-aware timestamp: 2025-10-18 10:31:52.618722+00:00
2025-10-18 14:31:52,620 - safe_zone.database - INFO - Timezone conversion test passed: False
2025-10-18 14:31:52,621 - safe_zone - INFO - Database connection established
2025-10-18 14:32:22,623 - safe_zone.database - INFO - Database connection pool closed
2025-10-18 14:32:22,623 - safe_zone - INFO - Database connection closed
2025-10-18 14:32:22,623 - safe_zone - INFO - Safe Zone API Server stopped
2025-10-18 14:32:23,305 - safe_zone - INFO - Logging setup completed
2025-10-18 14:32:23,327 - safe_zone - INFO - Logging setup completed
2025-10-18 14:32:23,329 - safe_zone - INFO - Starting Safe Zone API Server
2025-10-18 14:32:23,329 - safe_zone.database - INFO - Attempting to connect to: 127.0.0.1:5433/safe_zone
2025-10-18 14:32:23,375 - safe_zone.database - INFO - Database connection pool created successfully
2025-10-18 14:32:23,378 - safe_zone.database - INFO - Database timezone configured: UTC
2025-10-18 14:32:23,379 - safe_zone.database - INFO - Current database time (UTC): 2025-10-18 10:32:23.377696+00:00
2025-10-18 14:32:23,380 - safe_zone.database - INFO - Timezone-aware timestamp: 2025-10-18 10:32:23.379336+00:00
2025-10-18 14:32:23,382 - safe_zone.database - INFO - Timezone conversion test passed: False
2025-10-18 14:32:23,383 - safe_zone - INFO - Database connection established
2025-10-18 14:32:23,691 - safe_zone.database - INFO - Database connection pool closed
2025-10-18 14:32:23,691 - safe_zone - INFO - Database connection closed
2025-10-18 14:32:23,691 - safe_zone - INFO - Safe Zone API Server stopped
2025-10-18 14:32:24,341 - safe_zone - INFO - Logging setup completed
2025-10-18 14:32:24,362 - safe_zone - INFO - Logging setup completed
2025-10-18 14:32:24,363 - safe_zone - INFO - Starting Safe Zone API Server
2025-10-18 14:32:24,363 - safe_zone.database - INFO - Attempting to connect to: 127.0.0.1:5433/safe_zone
2025-10-18 14:32:24,401 - safe_zone.database - INFO - Database connection pool created successfully
2025-10-18 14:32:24,404 - safe_zone.database - INFO - Database timezone configured: UTC
2025-10-18 14:32:24,404 - safe_zone.database - INFO - Current database time (UTC): 2025-10-18 10:32:24.403557+00:00
2025-10-18 14:32:24,405 - safe_zone.database - INFO - Timezone-aware timestamp: 2025-10-18 10:32:24.404914+00:00
2025-10-18 14:32:24,408 - safe_zone.database - INFO - Timezone conversion test passed: False
2025-10-18 14:32:24,408 - safe_zone - INFO - Database connection established
2025-10-18 14:36:44,340 - safe_zone.database - INFO - Database connection pool closed
2025-10-18 14:36:44,340 - safe_zone - INFO - Database connection closed
2025-10-18 14:36:44,341 - safe_zone - INFO - Safe Zone API Server stopped
2025-10-18 14:36:45,000 - safe_zone - INFO - Logging setup completed
2025-10-18 14:36:45,020 - safe_zone - INFO - Logging setup completed
2025-10-18 14:36:45,022 - safe_zone - INFO - Starting Safe Zone API Server
2025-10-18 14:36:45,022 - safe_zone.database - INFO - Attempting to connect to: 127.0.0.1:5433/safe_zone
2025-10-18 14:36:45,061 - safe_zone.database - INFO - Database connection pool created successfully
2025-10-18 14:36:45,064 - safe_zone.database - INFO - Database timezone configured: UTC
2025-10-18 14:36:45,064 - safe_zone.database - INFO - Current database time (UTC): 2025-10-18 10:36:45.063361+00:00
2025-10-18 14:36:45,065 - safe_zone.database - INFO - Timezone-aware timestamp: 2025-10-18 10:36:45.064798+00:00
2025-10-18 14:36:45,067 - safe_zone.database - INFO - Timezone conversion test passed: False
2025-10-18 14:36:45,068 - safe_zone - INFO - Database connection established
2025-10-18 14:37:18,595 - safe_zone.database - INFO - Database connection pool closed
2025-10-18 14:37:18,595 - safe_zone - INFO - Database connection closed
2025-10-18 14:37:18,595 - safe_zone - INFO - Safe Zone API Server stopped
2025-10-18 14:37:19,295 - safe_zone - INFO - Logging setup completed
2025-10-18 14:37:19,314 - safe_zone - INFO - Logging setup completed
2025-10-18 14:37:19,316 - safe_zone - INFO - Starting Safe Zone API Server
2025-10-18 14:37:19,316 - safe_zone.database - INFO - Attempting to connect to: 127.0.0.1:5433/safe_zone
2025-10-18 14:37:19,356 - safe_zone.database - INFO - Database connection pool created successfully
2025-10-18 14:37:19,358 - safe_zone.database - INFO - Database timezone configured: UTC
2025-10-18 14:37:19,358 - safe_zone.database - INFO - Current database time (UTC): 2025-10-18 10:37:19.357756+00:00
2025-10-18 14:37:19,359 - safe_zone.database - INFO - Timezone-aware timestamp: 2025-10-18 10:37:19.359130+00:00
2025-10-18 14:37:19,362 - safe_zone.database - INFO - Timezone conversion test passed: False
2025-10-18 14:37:19,362 - safe_zone - INFO - Database connection established
2025-10-18 14:37:19,672 - safe_zone.database - INFO - Database connection pool closed
2025-10-18 14:37:19,672 - safe_zone - INFO - Database connection closed
2025-10-18 14:37:19,672 - safe_zone - INFO - Safe Zone API Server stopped
2025-10-18 14:37:20,323 - safe_zone - INFO - Logging setup completed
2025-10-18 14:37:20,343 - safe_zone - INFO - Logging setup completed
2025-10-18 14:37:20,344 - safe_zone - INFO - Starting Safe Zone API Server
2025-10-18 14:37:20,345 - safe_zone.database - INFO - Attempting to connect to: 127.0.0.1:5433/safe_zone
2025-10-18 14:37:20,384 - safe_zone.database - INFO - Database connection pool created successfully
2025-10-18 14:37:20,386 - safe_zone.database - INFO - Database timezone configured: UTC
2025-10-18 14:37:20,387 - safe_zone.database - INFO - Current database time (UTC): 2025-10-18 10:37:20.386062+00:00
2025-10-18 14:37:20,388 - safe_zone.database - INFO - Timezone-aware timestamp: 2025-10-18 10:37:20.387498+00:00
2025-10-18 14:37:20,390 - safe_zone.database - INFO - Timezone conversion test passed: False
2025-10-18 14:37:20,391 - safe_zone - INFO - Database connection established
2025-10-18 14:38:41,890 - safe_zone.database - INFO - Database connection pool closed
2025-10-18 14:38:41,891 - safe_zone - INFO - Database connection closed
2025-10-18 14:38:41,891 - safe_zone - INFO - Safe Zone API Server stopped
2025-10-18 14:38:42,564 - safe_zone - INFO - Logging setup completed
2025-10-18 14:38:42,584 - safe_zone - INFO - Logging setup completed
2025-10-18 14:38:42,586 - safe_zone - INFO - Starting Safe Zone API Server
2025-10-18 14:38:42,586 - safe_zone.database - INFO - Attempting to connect to: 127.0.0.1:5433/safe_zone
2025-10-18 14:38:42,626 - safe_zone.database - INFO - Database connection pool created successfully
2025-10-18 14:38:42,628 - safe_zone.database - INFO - Database timezone configured: UTC
2025-10-18 14:38:42,628 - safe_zone.database - INFO - Current database time (UTC): 2025-10-18 10:38:42.627816+00:00
2025-10-18 14:38:42,630 - safe_zone.database - INFO - Timezone-aware timestamp: 2025-10-18 10:38:42.629233+00:00
2025-10-18 14:38:42,632 - safe_zone.database - INFO - Timezone conversion test passed: False
2025-10-18 14:38:42,632 - safe_zone - INFO - Database connection established
2025-10-18 14:39:02,114 - safe_zone.health - INFO - Health check - Database connected
2025-10-18 14:50:30,838 - safe_zone.database - INFO - Database connection pool closed
2025-10-18 14:50:30,839 - safe_zone - INFO - Database connection closed
2025-10-18 14:50:30,839 - safe_zone - INFO - Safe Zone API Server stopped
2025-10-18 14:50:31,503 - safe_zone - INFO - Logging setup completed
2025-10-18 14:50:31,592 - safe_zone - INFO - Logging setup completed
2025-10-18 14:50:31,598 - safe_zone - INFO - Starting Safe Zone API Server
2025-10-18 14:50:31,598 - safe_zone.database - INFO - Attempting to connect to: 127.0.0.1:5433/safe_zone
2025-10-18 14:50:31,638 - safe_zone.database - INFO - Database connection pool created successfully
2025-10-18 14:50:31,641 - safe_zone.database - INFO - Database timezone configured: UTC
2025-10-18 14:50:31,641 - safe_zone.database - INFO - Current database time (UTC): 2025-10-18 10:50:31.640803+00:00
2025-10-18 14:50:31,643 - safe_zone.database - INFO - Timezone-aware timestamp: 2025-10-18 10:50:31.642281+00:00
2025-10-18 14:50:31,645 - safe_zone.database - INFO - Timezone conversion test passed: False
2025-10-18 14:50:31,646 - safe_zone - INFO - Database connection established
2025-10-18 14:56:27,815 - safe_zone.database - INFO - Database connection pool closed
2025-10-18 14:56:27,815 - safe_zone - INFO - Database connection closed
2025-10-18 14:56:27,816 - safe_zone - INFO - Safe Zone API Server stopped
2025-10-18 14:56:28,532 - safe_zone - INFO - Logging setup completed
2025-10-18 14:56:28,626 - safe_zone - INFO - Logging setup completed
2025-10-18 14:56:28,632 - safe_zone - INFO - Starting Safe Zone API Server
2025-10-18 14:56:28,632 - safe_zone.database - INFO - Attempting to connect to: 127.0.0.1:5433/safe_zone
2025-10-18 14:56:28,673 - safe_zone.database - INFO - Database connection pool created successfully
2025-10-18 14:56:28,677 - safe_zone.database - INFO - Database timezone configured: UTC
2025-10-18 14:56:28,677 - safe_zone.database - INFO - Current database time (UTC): 2025-10-18 10:56:28.675711+00:00
2025-10-18 14:56:28,678 - safe_zone.database - INFO - Timezone-aware timestamp: 2025-10-18 10:56:28.678146+00:00
2025-10-18 14:56:28,680 - safe_zone.database - INFO - Timezone conversion test passed: False
2025-10-18 14:56:28,681 - safe_zone - INFO - Database connection established
2025-10-18 14:57:02,982 - safe_zone.database - INFO - Database connection pool closed
2025-10-18 14:57:02,982 - safe_zone - INFO - Database connection closed
2025-10-18 14:57:02,982 - safe_zone - INFO - Safe Zone API Server stopped
2025-10-18 14:57:03,653 - safe_zone - INFO - Logging setup completed
2025-10-18 14:57:03,742 - safe_zone - INFO - Logging setup completed
2025-10-18 14:57:03,748 - safe_zone - INFO - Starting Safe Zone API Server
2025-10-18 14:57:03,749 - safe_zone.database - INFO - Attempting to connect to: 127.0.0.1:5433/safe_zone
2025-10-18 14:57:03,789 - safe_zone.database - INFO - Database connection pool created successfully
2025-10-18 14:57:03,792 - safe_zone.database - INFO - Database timezone configured: UTC
2025-10-18 14:57:03,792 - safe_zone.database - INFO - Current database time (UTC): 2025-10-18 10:57:03.791380+00:00
2025-10-18 14:57:03,794 - safe_zone.database - INFO - Timezone-aware timestamp: 2025-10-18 10:57:03.793021+00:00
2025-10-18 14:57:03,795 - safe_zone.database - INFO - Timezone conversion test passed: False
2025-10-18 14:57:03,796 - safe_zone - INFO - Database connection established
2025-10-18 15:00:36,860 - safe_zone.database - INFO - Database connection pool closed
2025-10-18 15:00:36,860 - safe_zone - INFO - Database connection closed
2025-10-18 15:00:36,860 - safe_zone - INFO - Safe Zone API Server stopped
2025-10-18 15:00:37,567 - safe_zone - INFO - Logging setup completed
2025-10-18 15:00:37,660 - safe_zone - INFO - Logging setup completed
2025-10-18 15:00:37,667 - safe_zone - INFO - Starting Safe Zone API Server
2025-10-18 15:00:37,667 - safe_zone.database - INFO - Attempting to connect to: 127.0.0.1:5433/safe_zone
2025-10-18 15:00:37,708 - safe_zone.database - INFO - Database connection pool created successfully
2025-10-18 15:00:37,712 - safe_zone.database - INFO - Database timezone configured: UTC
2025-10-18 15:00:37,712 - safe_zone.database - INFO - Current database time (UTC): 2025-10-18 11:00:37.710607+00:00
2025-10-18 15:00:37,713 - safe_zone.database - INFO - Timezone-aware timestamp: 2025-10-18 11:00:37.713202+00:00
2025-10-18 15:00:37,715 - safe_zone.database - INFO - Timezone conversion test passed: False
2025-10-18 15:00:37,716 - safe_zone - INFO - Database connection established
2025-10-18 16:34:58,006 - safe_zone.database - INFO - Database connection pool closed
2025-10-18 16:34:58,006 - safe_zone - INFO - Database connection closed
2025-10-18 16:34:58,007 - safe_zone - INFO - Safe Zone API Server stopped
2025-10-18 16:34:59,086 - safe_zone - INFO - Logging setup completed
2025-10-18 16:34:59,194 - safe_zone - INFO - Logging setup completed
2025-10-18 16:34:59,201 - safe_zone - INFO - Starting Safe Zone API Server
2025-10-18 16:34:59,201 - safe_zone.database - INFO - Attempting to connect to: 127.0.0.1:5433/safe_zone
2025-10-18 16:34:59,247 - safe_zone.database - INFO - Database connection pool created successfully
2025-10-18 16:34:59,251 - safe_zone.database - INFO - Database timezone configured: UTC
2025-10-18 16:34:59,251 - safe_zone.database - INFO - Current database time (UTC): 2025-10-18 12:34:59.249838+00:00
2025-10-18 16:34:59,253 - safe_zone.database - INFO - Timezone-aware timestamp: 2025-10-18 12:34:59.251704+00:00
2025-10-18 16:34:59,254 - safe_zone.database - INFO - Timezone conversion test passed: False
2025-10-18 16:34:59,255 - safe_zone - INFO - Database connection established
2025-10-18 16:38:09,265 - safe_zone.database - INFO - Database connection pool closed
2025-10-18 16:38:09,266 - safe_zone - INFO - Database connection closed
2025-10-18 16:38:09,267 - safe_zone - INFO - Safe Zone API Server stopped
2025-10-18 16:38:10,062 - safe_zone - INFO - Logging setup completed
2025-10-18 16:38:10,167 - safe_zone - INFO - Logging setup completed
2025-10-18 16:38:10,174 - safe_zone - INFO - Starting Safe Zone API Server
2025-10-18 16:38:10,174 - safe_zone.database - INFO - Attempting to connect to: 127.0.0.1:5433/safe_zone
2025-10-18 16:38:10,219 - safe_zone.database - INFO - Database connection pool created successfully
2025-10-18 16:38:10,223 - safe_zone.database - INFO - Database timezone configured: UTC
2025-10-18 16:38:10,223 - safe_zone.database - INFO - Current database time (UTC): 2025-10-18 12:38:10.221447+00:00
2025-10-18 16:38:10,224 - safe_zone.database - INFO - Timezone-aware timestamp: 2025-10-18 12:38:10.223820+00:00
2025-10-18 16:38:10,226 - safe_zone.database - INFO - Timezone conversion test passed: False
2025-10-18 16:38:10,227 - safe_zone - INFO - Database connection established
2025-10-18 16:38:47,401 - safe_zone.health - INFO - Health check - Database connected
2025-10-18 16:43:27,124 - safe_zone.database - INFO - Database connection pool closed
2025-10-18 16:43:27,125 - safe_zone - INFO - Database connection closed
2025-10-18 16:43:27,125 - safe_zone - INFO - Safe Zone API Server stopped
2025-10-18 16:43:27,918 - safe_zone - INFO - Logging setup completed
2025-10-18 16:43:28,023 - safe_zone - INFO - Logging setup completed
2025-10-18 16:43:28,030 - safe_zone - INFO - Starting Safe Zone API Server
2025-10-18 16:43:28,030 - safe_zone.database - INFO - Attempting to connect to: 127.0.0.1:5433/safe_zone
2025-10-18 16:43:28,076 - safe_zone.database - INFO - Database connection pool created successfully
2025-10-18 16:43:28,079 - safe_zone.database - INFO - Database timezone configured: UTC
2025-10-18 16:43:28,079 - safe_zone.database - INFO - Current database time (UTC): 2025-10-18 12:43:28.078266+00:00
2025-10-18 16:43:28,081 - safe_zone.database - INFO - Timezone-aware timestamp: 2025-10-18 12:43:28.079989+00:00
2025-10-18 16:43:28,083 - safe_zone.database - INFO - Timezone conversion test passed: False
2025-10-18 16:43:28,083 - safe_zone - INFO - Database connection established
2025-10-18 16:44:54,019 - safe_zone.database - INFO - Database connection pool closed
2025-10-18 16:44:54,020 - safe_zone - INFO - Database connection closed
2025-10-18 16:44:54,021 - safe_zone - INFO - Safe Zone API Server stopped
2025-10-18 16:44:54,821 - safe_zone - INFO - Logging setup completed
2025-10-18 16:44:54,933 - safe_zone - INFO - Logging setup completed
2025-10-18 16:44:54,941 - safe_zone - INFO - Starting Safe Zone API Server
2025-10-18 16:44:54,941 - safe_zone.database - INFO - Attempting to connect to: 127.0.0.1:5433/safe_zone
2025-10-18 16:44:54,986 - safe_zone.database - INFO - Database connection pool created successfully
2025-10-18 16:44:54,989 - safe_zone.database - INFO - Database timezone configured: UTC
2025-10-18 16:44:54,989 - safe_zone.database - INFO - Current database time (UTC): 2025-10-18 12:44:54.988387+00:00
2025-10-18 16:44:54,991 - safe_zone.database - INFO - Timezone-aware timestamp: 2025-10-18 12:44:54.990234+00:00
2025-10-18 16:44:54,993 - safe_zone.database - INFO - Timezone conversion test passed: False
2025-10-18 16:44:54,993 - safe_zone - INFO - Database connection established
2025-10-18 16:45:39,278 - safe_zone.database - INFO - Database connection pool closed
2025-10-18 16:45:39,279 - safe_zone - INFO - Database connection closed
2025-10-18 16:45:39,279 - safe_zone - INFO - Safe Zone API Server stopped
2025-10-18 16:45:40,040 - safe_zone - INFO - Logging setup completed
2025-10-18 16:45:40,146 - safe_zone - INFO - Logging setup completed
2025-10-18 16:45:40,154 - safe_zone - INFO - Starting Safe Zone API Server
2025-10-18 16:45:40,154 - safe_zone.database - INFO - Attempting to connect to: 127.0.0.1:5433/safe_zone
2025-10-18 16:45:40,201 - safe_zone.database - INFO - Database connection pool created successfully
2025-10-18 16:45:40,203 - safe_zone.database - INFO - Database timezone configured: UTC
2025-10-18 16:45:40,204 - safe_zone.database - INFO - Current database time (UTC): 2025-10-18 12:45:40.202904+00:00
2025-10-18 16:45:40,205 - safe_zone.database - INFO - Timezone-aware timestamp: 2025-10-18 12:45:40.204487+00:00
2025-10-18 16:45:40,207 - safe_zone.database - INFO - Timezone conversion test passed: False
2025-10-18 16:45:40,208 - safe_zone - INFO - Database connection established
2025-10-18 16:47:11,553 - safe_zone.database - INFO - Database connection pool closed
2025-10-18 16:47:11,554 - safe_zone - INFO - Database connection closed
2025-10-18 16:47:11,554 - safe_zone - INFO - Safe Zone API Server stopped
2025-10-18 16:47:12,316 - safe_zone - INFO - Logging setup completed
2025-10-18 16:47:12,429 - safe_zone - INFO - Logging setup completed
2025-10-18 16:48:00,511 - safe_zone - INFO - Logging setup completed
2025-10-18 16:48:00,636 - safe_zone - INFO - Logging setup completed
2025-10-18 16:48:00,652 - safe_zone - INFO - Starting Safe Zone API Server
2025-10-18 16:48:00,652 - safe_zone.database - INFO - Attempting to connect to: 127.0.0.1:5433/safe_zone
2025-10-18 16:48:00,699 - safe_zone.database - INFO - Database connection pool created successfully
2025-10-18 16:48:00,703 - safe_zone.database - INFO - Database timezone configured: UTC
2025-10-18 16:48:00,703 - safe_zone.database - INFO - Current database time (UTC): 2025-10-18 12:48:00.702260+00:00
2025-10-18 16:48:00,705 - safe_zone.database - INFO - Timezone-aware timestamp: 2025-10-18 12:48:00.704027+00:00
2025-10-18 16:48:00,706 - safe_zone.database - INFO - Timezone conversion test passed: False
2025-10-18 16:48:00,707 - safe_zone - INFO - Database connection established
2025-10-18 17:01:37,565 - safe_zone.database - INFO - Database connection pool closed
2025-10-18 17:01:37,565 - safe_zone - INFO - Database connection closed
2025-10-18 17:01:37,565 - safe_zone - INFO - Safe Zone API Server stopped
2025-10-18 17:01:38,274 - safe_zone - INFO - Logging setup completed
2025-10-18 17:01:38,385 - safe_zone - INFO - Logging setup completed
2025-10-18 17:01:38,398 - safe_zone - INFO - Starting Safe Zone API Server
2025-10-18 17:01:38,398 - safe_zone.database - INFO - Attempting to connect to: 127.0.0.1:5433/safe_zone
2025-10-18 17:01:38,439 - safe_zone.database - INFO - Database connection pool created successfully
2025-10-18 17:01:38,443 - safe_zone.database - INFO - Database timezone configured: UTC
2025-10-18 17:01:38,443 - safe_zone.database - INFO - Current database time (UTC): 2025-10-18 13:01:38.441736+00:00
2025-10-18 17:01:38,444 - safe_zone.database - INFO - Timezone-aware timestamp: 2025-10-18 13:01:38.443612+00:00
2025-10-18 17:01:38,446 - safe_zone.database - INFO - Timezone conversion test passed: False
2025-10-18 17:01:38,447 - safe_zone - INFO - Database connection established
2025-10-18 17:07:36,183 - safe_zone.database - INFO - Database connection pool closed
2025-10-18 17:07:36,183 - safe_zone - INFO - Database connection closed
2025-10-18 17:07:36,183 - safe_zone - INFO - Safe Zone API Server stopped
2025-10-18 17:07:36,878 - safe_zone - INFO - Logging setup completed
2025-10-18 17:10:54,419 - safe_zone - INFO - Logging setup completed
2025-10-18 17:10:54,540 - safe_zone - INFO - Logging setup completed
2025-10-18 17:10:54,553 - safe_zone - INFO - Starting Safe Zone API Server
2025-10-18 17:10:54,553 - safe_zone.database - INFO - Attempting to connect to: 127.0.0.1:5433/safe_zone
2025-10-18 17:10:54,593 - safe_zone.database - INFO - Database connection pool created successfully
2025-10-18 17:10:54,596 - safe_zone.database - INFO - Database timezone configured: UTC
2025-10-18 17:10:54,597 - safe_zone.database - INFO - Current database time (UTC): 2025-10-18 13:10:54.595733+00:00
2025-10-18 17:10:54,598 - safe_zone.database - INFO - Timezone-aware timestamp: 2025-10-18 13:10:54.597425+00:00
2025-10-18 17:10:54,600 - safe_zone.database - INFO - Timezone conversion test passed: False
2025-10-18 17:10:54,601 - safe_zone - INFO - Database connection established
2025-10-18 17:17:09,754 - safe_zone.database - INFO - Database connection pool closed
2025-10-18 17:17:09,754 - safe_zone - INFO - Database connection closed
2025-10-18 17:17:09,755 - safe_zone - INFO - Safe Zone API Server stopped
2025-10-18 17:17:11,108 - safe_zone - INFO - Logging setup completed
2025-10-18 17:17:11,219 - safe_zone - INFO - Logging setup completed
2025-10-18 17:17:11,231 - safe_zone - INFO - Starting Safe Zone API Server
2025-10-18 17:17:11,231 - safe_zone.database - INFO - Attempting to connect to: 127.0.0.1:5433/safe_zone
2025-10-18 17:17:11,273 - safe_zone.database - INFO - Database connection pool created successfully
2025-10-18 17:17:11,275 - safe_zone.database - INFO - Database timezone configured: UTC
2025-10-18 17:17:11,276 - safe_zone.database - INFO - Current database time (UTC): 2025-10-18 13:17:11.274915+00:00
2025-10-18 17:17:11,278 - safe_zone.database - INFO - Timezone-aware timestamp: 2025-10-18 13:17:11.276660+00:00
2025-10-18 17:17:11,279 - safe_zone.database - INFO - Timezone conversion test passed: False
2025-10-18 17:17:11,280 - safe_zone - INFO - Database connection established
2025-10-18 17:19:16,781 - safe_zone.database - INFO - Database connection pool closed
2025-10-18 17:19:16,781 - safe_zone - INFO - Database connection closed
2025-10-18 17:19:16,781 - safe_zone - INFO - Safe Zone API Server stopped
2025-10-18 17:19:17,474 - safe_zone - INFO - Logging setup completed
2025-10-18 17:19:17,581 - safe_zone - INFO - Logging setup completed
2025-10-18 17:19:17,593 - safe_zone - INFO - Starting Safe Zone API Server
2025-10-18 17:19:17,593 - safe_zone.database - INFO - Attempting to connect to: 127.0.0.1:5433/safe_zone
2025-10-18 17:19:17,633 - safe_zone.database - INFO - Database connection pool created successfully
2025-10-18 17:19:17,636 - safe_zone.database - INFO - Database timezone configured: UTC
2025-10-18 17:19:17,636 - safe_zone.database - INFO - Current database time (UTC): 2025-10-18 13:19:17.635354+00:00
2025-10-18 17:19:17,638 - safe_zone.database - INFO - Timezone-aware timestamp: 2025-10-18 13:19:17.637018+00:00
2025-10-18 17:19:17,639 - safe_zone.database - INFO - Timezone conversion test passed: False
2025-10-18 17:19:17,640 - safe_zone - INFO - Database connection established
2025-10-18 17:32:37,289 - safe_zone.database - INFO - Database connection pool closed
2025-10-18 17:32:37,291 - safe_zone - INFO - Database connection closed
2025-10-18 17:32:37,291 - safe_zone - INFO - Safe Zone API Server stopped
2025-10-18 17:32:38,025 - safe_zone - INFO - Logging setup completed
2025-10-18 17:32:38,135 - safe_zone - INFO - Logging setup completed
2025-10-18 17:32:38,147 - safe_zone - INFO - Starting Safe Zone API Server
2025-10-18 17:32:38,148 - safe_zone.database - INFO - Attempting to connect to: 127.0.0.1:5433/safe_zone
2025-10-18 17:32:38,189 - safe_zone.database - INFO - Database connection pool created successfully
2025-10-18 17:32:38,193 - safe_zone.database - INFO - Database timezone configured: UTC
2025-10-18 17:32:38,193 - safe_zone.database - INFO - Current database time (UTC): 2025-10-18 13:32:38.191374+00:00
2025-10-18 17:32:38,194 - safe_zone.database - INFO - Timezone-aware timestamp: 2025-10-18 13:32:38.194069+00:00
2025-10-18 17:32:38,196 - safe_zone.database - INFO - Timezone conversion test passed: False
2025-10-18 17:32:38,196 - safe_zone - INFO - Database connection established
2025-10-18 17:33:20,586 - safe_zone.database - INFO - Database connection pool closed
2025-10-18 17:33:20,587 - safe_zone - INFO - Database connection closed
2025-10-18 17:33:20,587 - safe_zone - INFO - Safe Zone API Server stopped
2025-10-18 17:33:21,259 - safe_zone - INFO - Logging setup completed
2025-10-18 17:33:21,363 - safe_zone - INFO - Logging setup completed
2025-10-18 17:33:21,376 - safe_zone - INFO - Starting Safe Zone API Server
2025-10-18 17:33:21,376 - safe_zone.database - INFO - Attempting to connect to: 127.0.0.1:5433/safe_zone
2025-10-18 17:33:21,416 - safe_zone.database - INFO - Database connection pool created successfully
2025-10-18 17:33:21,419 - safe_zone.database - INFO - Database timezone configured: UTC
2025-10-18 17:33:21,419 - safe_zone.database - INFO - Current database time (UTC): 2025-10-18 13:33:21.418463+00:00
2025-10-18 17:33:21,420 - safe_zone.database - INFO - Timezone-aware timestamp: 2025-10-18 13:33:21.419800+00:00
2025-10-18 17:33:21,423 - safe_zone.database - INFO - Timezone conversion test passed: False
2025-10-18 17:33:21,424 - safe_zone - INFO - Database connection established
2025-10-18 17:34:00,581 - safe_zone.database - INFO - Database connection pool closed
2025-10-18 17:34:00,582 - safe_zone - INFO - Database connection closed
2025-10-18 17:34:00,583 - safe_zone - INFO - Safe Zone API Server stopped
2025-10-18 17:34:01,240 - safe_zone - INFO - Logging setup completed
2025-10-18 17:34:01,344 - safe_zone - INFO - Logging setup completed
2025-10-18 17:34:01,356 - safe_zone - INFO - Starting Safe Zone API Server
2025-10-18 17:34:01,356 - safe_zone.database - INFO - Attempting to connect to: 127.0.0.1:5433/safe_zone
2025-10-18 17:34:01,398 - safe_zone.database - INFO - Database connection pool created successfully
2025-10-18 17:34:01,400 - safe_zone.database - INFO - Database timezone configured: UTC
2025-10-18 17:34:01,401 - safe_zone.database - INFO - Current database time (UTC): 2025-10-18 13:34:01.400062+00:00
2025-10-18 17:34:01,402 - safe_zone.database - INFO - Timezone-aware timestamp: 2025-10-18 13:34:01.401363+00:00
2025-10-18 17:34:01,404 - safe_zone.database - INFO - Timezone conversion test passed: False
2025-10-18 17:34:01,404 - safe_zone - INFO - Database connection established
2025-10-18 17:35:05,539 - safe_zone.database - INFO - Database connection pool closed
2025-10-18 17:35:05,540 - safe_zone - INFO - Database connection closed
2025-10-18 17:35:05,541 - safe_zone - INFO - Safe Zone API Server stopped
2025-10-18 17:35:06,213 - safe_zone - INFO - Logging setup completed
2025-10-18 17:35:06,321 - safe_zone - INFO - Logging setup completed
2025-10-18 17:35:06,334 - safe_zone - INFO - Starting Safe Zone API Server
2025-10-18 17:35:06,334 - safe_zone.database - INFO - Attempting to connect to: 127.0.0.1:5433/safe_zone
2025-10-18 17:35:06,373 - safe_zone.database - INFO - Database connection pool created successfully
2025-10-18 17:35:06,377 - safe_zone.database - INFO - Database timezone configured: UTC
2025-10-18 17:35:06,377 - safe_zone.database - INFO - Current database time (UTC): 2025-10-18 13:35:06.375764+00:00
2025-10-18 17:35:06,378 - safe_zone.database - INFO - Timezone-aware timestamp: 2025-10-18 13:35:06.378104+00:00
2025-10-18 17:35:06,379 - safe_zone.database - INFO - Timezone conversion test passed: False
2025-10-18 17:35:06,380 - safe_zone - INFO - Database connection established
2025-10-18 17:37:50,445 - safe_zone.database - INFO - Database connection pool closed
2025-10-18 17:37:50,445 - safe_zone - INFO - Database connection closed
2025-10-18 17:37:50,446 - safe_zone - INFO - Safe Zone API Server stopped
2025-10-18 17:37:51,103 - safe_zone - INFO - Logging setup completed
2025-10-18 17:37:51,205 - safe_zone - INFO - Logging setup completed
2025-10-18 17:37:51,217 - safe_zone - INFO - Starting Safe Zone API Server
2025-10-18 17:37:51,217 - safe_zone.database - INFO - Attempting to connect to: 127.0.0.1:5433/safe_zone
2025-10-18 17:37:51,257 - safe_zone.database - INFO - Database connection pool created successfully
2025-10-18 17:37:51,260 - safe_zone.database - INFO - Database timezone configured: UTC
2025-10-18 17:37:51,260 - safe_zone.database - INFO - Current database time (UTC): 2025-10-18 13:37:51.259488+00:00
2025-10-18 17:37:51,261 - safe_zone.database - INFO - Timezone-aware timestamp: 2025-10-18 13:37:51.260855+00:00
2025-10-18 17:37:51,263 - safe_zone.database - INFO - Timezone conversion test passed: False
2025-10-18 17:37:51,264 - safe_zone - INFO - Database connection established
2025-10-18 17:42:32,704 - safe_zone.database - INFO - Database connection pool closed
2025-10-18 17:42:32,704 - safe_zone - INFO - Database connection closed
2025-10-18 17:42:32,705 - safe_zone - INFO - Safe Zone API Server stopped
2025-10-18 17:42:33,360 - safe_zone - INFO - Logging setup completed
2025-10-18 17:42:33,464 - safe_zone - INFO - Logging setup completed
2025-10-18 17:42:33,477 - safe_zone - INFO - Starting Safe Zone API Server
2025-10-18 17:42:33,477 - safe_zone.database - INFO - Attempting to connect to: 127.0.0.1:5433/safe_zone
2025-10-18 17:42:33,516 - safe_zone.database - INFO - Database connection pool created successfully
2025-10-18 17:42:33,518 - safe_zone.database - INFO - Database timezone configured: UTC
2025-10-18 17:42:33,519 - safe_zone.database - INFO - Current database time (UTC): 2025-10-18 13:42:33.517814+00:00
2025-10-18 17:42:33,520 - safe_zone.database - INFO - Timezone-aware timestamp: 2025-10-18 13:42:33.519399+00:00
2025-10-18 17:42:33,521 - safe_zone.database - INFO - Timezone conversion test passed: False
2025-10-18 17:42:33,522 - safe_zone - INFO - Database connection established
2025-10-18 21:25:59,744 - safe_zone - INFO - Logging setup completed
2025-10-18 21:26:00,054 - safe_zone - INFO - Logging setup completed
2025-10-18 21:26:00,066 - safe_zone - INFO - Starting Safe Zone API Server
2025-10-18 21:26:00,066 - safe_zone.database - INFO - Attempting to connect to: 127.0.0.1:5433/safe_zone
2025-10-18 21:26:00,156 - safe_zone.database - INFO - Database connection pool created successfully
2025-10-18 21:26:00,194 - safe_zone.database - INFO - Database timezone configured: UTC
2025-10-18 21:26:00,194 - safe_zone.database - INFO - Current database time (UTC): 2025-10-18 17:26:00.173884+00:00
2025-10-18 21:26:00,199 - safe_zone.database - INFO - Timezone-aware timestamp: 2025-10-18 17:26:00.194937+00:00
2025-10-18 21:26:00,220 - safe_zone.database - INFO - Timezone conversion test passed: False
2025-10-18 21:26:00,223 - safe_zone - INFO - Database connection established
2025-10-18 21:32:31,848 - safe_zone.database - INFO - Database connection pool closed
2025-10-18 21:32:31,849 - safe_zone - INFO - Database connection closed
2025-10-18 21:32:31,850 - safe_zone - INFO - Safe Zone API Server stopped
2025-10-18 21:32:32,523 - safe_zone - INFO - Logging setup completed
2025-10-18 21:32:32,626 - safe_zone - INFO - Logging setup completed
2025-10-18 21:32:32,637 - safe_zone - INFO - Starting Safe Zone API Server
2025-10-18 21:32:32,637 - safe_zone.database - INFO - Attempting to connect to: 127.0.0.1:5433/safe_zone
2025-10-18 21:32:32,676 - safe_zone.database - INFO - Database connection pool created successfully
2025-10-18 21:32:32,679 - safe_zone.database - INFO - Database timezone configured: UTC
2025-10-18 21:32:32,679 - safe_zone.database - INFO - Current database time (UTC): 2025-10-18 17:32:32.678213+00:00
2025-10-18 21:32:32,681 - safe_zone.database - INFO - Timezone-aware timestamp: 2025-10-18 17:32:32.680568+00:00
2025-10-18 21:32:32,683 - safe_zone.database - INFO - Timezone conversion test passed: False
2025-10-18 21:32:32,683 - safe_zone - INFO - Database connection established
2025-10-18 21:33:21,967 - safe_zone.database - INFO - Database connection pool closed
2025-10-18 21:33:21,967 - safe_zone - INFO - Database connection closed
2025-10-18 21:33:21,968 - safe_zone - INFO - Safe Zone API Server stopped
2025-10-18 21:33:22,615 - safe_zone - INFO - Logging setup completed
2025-10-18 21:33:22,718 - safe_zone - INFO - Logging setup completed
2025-10-18 21:33:22,730 - safe_zone - INFO - Starting Safe Zone API Server
2025-10-18 21:33:22,731 - safe_zone.database - INFO - Attempting to connect to: 127.0.0.1:5433/safe_zone
2025-10-18 21:33:22,768 - safe_zone.database - INFO - Database connection pool created successfully
2025-10-18 21:33:22,771 - safe_zone.database - INFO - Database timezone configured: UTC
2025-10-18 21:33:22,771 - safe_zone.database - INFO - Current database time (UTC): 2025-10-18 17:33:22.770459+00:00
2025-10-18 21:33:22,772 - safe_zone.database - INFO - Timezone-aware timestamp: 2025-10-18 17:33:22.771887+00:00
2025-10-18 21:33:22,774 - safe_zone.database - INFO - Timezone conversion test passed: False
2025-10-18 21:33:22,775 - safe_zone - INFO - Database connection established
2025-10-18 21:34:13,668 - safe_zone.health - INFO - Health check - Database connected
2025-10-18 21:38:58,752 - safe_zone.database - INFO - Database connection pool closed
2025-10-18 21:38:58,753 - safe_zone - INFO - Database connection closed
2025-10-18 21:38:58,754 - safe_zone - INFO - Safe Zone API Server stopped
2025-10-18 21:38:59,395 - safe_zone - INFO - Logging setup completed
2025-10-19 06:51:17,248 - safe_zone - INFO - Logging setup completed
2025-10-19 06:51:17,713 - safe_zone - INFO - Logging setup completed
2025-10-19 06:51:17,740 - safe_zone - INFO - Starting Safe Zone API Server
2025-10-19 06:51:17,740 - safe_zone.database - INFO - Attempting to connect to: 127.0.0.1:5433/safe_zone
2025-10-19 06:51:17,872 - safe_zone.database - INFO - Database connection pool created successfully
2025-10-19 06:51:17,927 - safe_zone.database - INFO - Database timezone configured: UTC
2025-10-19 06:51:17,927 - safe_zone.database - INFO - Current database time (UTC): 2025-10-19 02:51:17.898367+00:00
2025-10-19 06:51:17,933 - safe_zone.database - INFO - Timezone-aware timestamp: 2025-10-19 02:51:17.928518+00:00
2025-10-19 06:51:17,959 - safe_zone.database - INFO - Timezone conversion test passed: False
2025-10-19 06:51:17,962 - safe_zone - INFO - Database connection established
2025-10-19 06:58:17,790 - safe_zone.database - INFO - Database connection pool closed
2025-10-19 06:58:17,791 - safe_zone - INFO - Database connection closed
2025-10-19 06:58:17,791 - safe_zone - INFO - Safe Zone API Server stopped
2025-10-19 06:58:18,504 - safe_zone - INFO - Logging setup completed
2025-10-19 06:58:18,639 - safe_zone - INFO - Logging setup completed
2025-10-19 06:58:18,662 - safe_zone - INFO - Starting Safe Zone API Server
2025-10-19 06:58:18,662 - safe_zone.database - INFO - Attempting to connect to: 127.0.0.1:5433/safe_zone
2025-10-19 06:58:18,704 - safe_zone.database - INFO - Database connection pool created successfully
2025-10-19 06:58:18,707 - safe_zone.database - INFO - Database timezone configured: UTC
2025-10-19 06:58:18,707 - safe_zone.database - INFO - Current database time (UTC): 2025-10-19 02:58:18.706585+00:00
2025-10-19 06:58:18,708 - safe_zone.database - INFO - Timezone-aware timestamp: 2025-10-19 02:58:18.707977+00:00
2025-10-19 06:58:18,710 - safe_zone.database - INFO - Timezone conversion test passed: False
2025-10-19 06:58:18,711 - safe_zone - INFO - Database connection established
2025-10-19 06:58:55,990 - safe_zone.database - INFO - Database connection pool closed
2025-10-19 06:58:55,991 - safe_zone - INFO - Database connection closed
2025-10-19 06:58:55,991 - safe_zone - INFO - Safe Zone API Server stopped
2025-10-19 06:58:56,698 - safe_zone - INFO - Logging setup completed
2025-10-19 06:59:31,347 - safe_zone - INFO - Logging setup completed
2025-10-19 07:04:15,535 - safe_zone - INFO - Logging setup completed
2025-10-19 07:04:52,034 - safe_zone - INFO - Logging setup completed
2025-10-19 07:05:40,787 - safe_zone - INFO - Logging setup completed
2025-10-19 07:19:14,937 - safe_zone - INFO - Logging setup completed
2025-10-19 07:19:30,658 - safe_zone - INFO - Logging setup completed
2025-10-19 07:19:30,833 - safe_zone - INFO - Logging setup completed
2025-10-19 07:19:30,864 - safe_zone - INFO - Starting Safe Zone API Server
2025-10-19 07:19:30,864 - safe_zone.database - INFO - Attempting to connect to: 127.0.0.1:5433/safe_zone
2025-10-19 07:19:30,914 - safe_zone.database - INFO - Database connection pool created successfully
2025-10-19 07:19:30,917 - safe_zone.database - INFO - Database timezone configured: UTC
2025-10-19 07:19:30,917 - safe_zone.database - INFO - Current database time (UTC): 2025-10-19 03:19:30.916291+00:00
2025-10-19 07:19:30,919 - safe_zone.database - INFO - Timezone-aware timestamp: 2025-10-19 03:19:30.917894+00:00
2025-10-19 07:19:30,920 - safe_zone.database - INFO - Timezone conversion test passed: False
2025-10-19 07:19:30,921 - safe_zone - INFO - Database connection established
2025-10-19 07:19:59,066 - safe_zone.database - INFO - Database connection pool closed
2025-10-19 07:19:59,067 - safe_zone - INFO - Database connection closed
2025-10-19 07:19:59,067 - safe_zone - INFO - Safe Zone API Server stopped
2025-10-19 07:19:59,809 - safe_zone - INFO - Logging setup completed
2025-10-19 07:19:59,965 - safe_zone - INFO - Logging setup completed
2025-10-19 07:19:59,994 - safe_zone - INFO - Starting Safe Zone API Server
2025-10-19 07:19:59,994 - safe_zone.database - INFO - Attempting to connect to: 127.0.0.1:5433/safe_zone
2025-10-19 07:20:00,043 - safe_zone.database - INFO - Database connection pool created successfully
2025-10-19 07:20:00,046 - safe_zone.database - INFO - Database timezone configured: UTC
2025-10-19 07:20:00,046 - safe_zone.database - INFO - Current database time (UTC): 2025-10-19 03:20:00.045530+00:00
2025-10-19 07:20:00,048 - safe_zone.database - INFO - Timezone-aware timestamp: 2025-10-19 03:20:00.047341+00:00
2025-10-19 07:20:00,050 - safe_zone.database - INFO - Timezone conversion test passed: False
2025-10-19 07:20:00,051 - safe_zone - INFO - Database connection established
2025-10-19 07:26:31,432 - safe_zone.database - INFO - Database connection pool closed
2025-10-19 07:26:31,433 - safe_zone - INFO - Database connection closed
2025-10-19 07:26:31,434 - safe_zone - INFO - Safe Zone API Server stopped
2025-10-19 07:26:32,172 - safe_zone - INFO - Logging setup completed
2025-10-19 07:26:32,320 - safe_zone - INFO - Logging setup completed
2025-10-19 07:26:32,349 - safe_zone - INFO - Starting Safe Zone API Server
2025-10-19 07:26:32,349 - safe_zone.database - INFO - Attempting to connect to: 127.0.0.1:5433/safe_zone
2025-10-19 07:26:32,398 - safe_zone.database - INFO - Database connection pool created successfully
2025-10-19 07:26:32,403 - safe_zone.database - INFO - Database timezone configured: UTC
2025-10-19 07:26:32,403 - safe_zone.database - INFO - Current database time (UTC): 2025-10-19 03:26:32.400995+00:00
2025-10-19 07:26:32,405 - safe_zone.database - INFO - Timezone-aware timestamp: 2025-10-19 03:26:32.404040+00:00
2025-10-19 07:26:32,407 - safe_zone.database - INFO - Timezone conversion test passed: False
2025-10-19 07:26:32,408 - safe_zone - INFO - Database connection established
2025-10-19 07:41:39,664 - safe_zone.database - INFO - Database connection pool closed
2025-10-19 07:41:39,665 - safe_zone - INFO - Database connection closed
2025-10-19 07:41:39,665 - safe_zone - INFO - Safe Zone API Server stopped
2025-10-19 07:41:40,449 - safe_zone - INFO - Logging setup completed
2025-10-19 07:41:40,599 - safe_zone - INFO - Logging setup completed
2025-10-19 07:41:40,626 - safe_zone - INFO - Starting Safe Zone API Server
2025-10-19 07:41:40,626 - safe_zone.database - INFO - Attempting to connect to: 127.0.0.1:5433/safe_zone
2025-10-19 07:41:40,680 - safe_zone.database - INFO - Database connection pool created successfully
2025-10-19 07:41:40,687 - safe_zone.database - INFO - Database timezone configured: UTC
2025-10-19 07:41:40,687 - safe_zone.database - INFO - Current database time (UTC): 2025-10-19 03:41:40.684507+00:00
2025-10-19 07:41:40,689 - safe_zone.database - INFO - Timezone-aware timestamp: 2025-10-19 03:41:40.688187+00:00
2025-10-19 07:41:40,692 - safe_zone.database - INFO - Timezone conversion test passed: False
2025-10-19 07:41:40,694 - safe_zone - INFO - Database connection established
2025-10-19 07:42:11,097 - safe_zone.database - INFO - Database connection pool closed
2025-10-19 07:42:11,098 - safe_zone - INFO - Database connection closed
2025-10-19 07:42:11,098 - safe_zone - INFO - Safe Zone API Server stopped
2025-10-19 07:42:11,827 - safe_zone - INFO - Logging setup completed
2025-10-19 07:42:11,982 - safe_zone - INFO - Logging setup completed
2025-10-19 07:42:12,014 - safe_zone - INFO - Starting Safe Zone API Server
2025-10-19 07:42:12,014 - safe_zone.database - INFO - Attempting to connect to: 127.0.0.1:5433/safe_zone
2025-10-19 07:42:12,071 - safe_zone.database - INFO - Database connection pool created successfully
2025-10-19 07:42:12,074 - safe_zone.database - INFO - Database timezone configured: UTC
2025-10-19 07:42:12,074 - safe_zone.database - INFO - Current database time (UTC): 2025-10-19 03:42:12.073695+00:00
2025-10-19 07:42:12,076 - safe_zone.database - INFO - Timezone-aware timestamp: 2025-10-19 03:42:12.075264+00:00
2025-10-19 07:42:12,078 - safe_zone.database - INFO - Timezone conversion test passed: False
2025-10-19 07:42:12,078 - safe_zone - INFO - Database connection established
2025-10-19 07:42:40,456 - safe_zone.database - INFO - Database connection pool closed
2025-10-19 07:42:40,457 - safe_zone - INFO - Database connection closed
2025-10-19 07:42:40,457 - safe_zone - INFO - Safe Zone API Server stopped
2025-10-19 07:42:41,207 - safe_zone - INFO - Logging setup completed
2025-10-19 07:42:41,360 - safe_zone - INFO - Logging setup completed
2025-10-19 07:42:41,389 - safe_zone - INFO - Starting Safe Zone API Server
2025-10-19 07:42:41,389 - safe_zone.database - INFO - Attempting to connect to: 127.0.0.1:5433/safe_zone
2025-10-19 07:42:41,439 - safe_zone.database - INFO - Database connection pool created successfully
2025-10-19 07:42:41,442 - safe_zone.database - INFO - Database timezone configured: UTC
2025-10-19 07:42:41,442 - safe_zone.database - INFO - Current database time (UTC): 2025-10-19 03:42:41.441424+00:00
2025-10-19 07:42:41,444 - safe_zone.database - INFO - Timezone-aware timestamp: 2025-10-19 03:42:41.443497+00:00
2025-10-19 07:42:41,446 - safe_zone.database - INFO - Timezone conversion test passed: False
2025-10-19 07:42:41,447 - safe_zone - INFO - Database connection established
2025-10-19 07:47:49,233 - safe_zone.database - INFO - Database connection pool closed
2025-10-19 07:47:49,234 - safe_zone - INFO - Database connection closed
2025-10-19 07:47:49,234 - safe_zone - INFO - Safe Zone API Server stopped
2025-10-19 07:47:49,971 - safe_zone - INFO - Logging setup completed
2025-10-19 07:47:50,131 - safe_zone - INFO - Logging setup completed
2025-10-19 07:47:50,163 - safe_zone - INFO - Starting Safe Zone API Server
2025-10-19 07:47:50,163 - safe_zone.database - INFO - Attempting to connect to: 127.0.0.1:5433/safe_zone
2025-10-19 07:47:50,207 - safe_zone.database - INFO - Database connection pool created successfully
2025-10-19 07:47:50,210 - safe_zone.database - INFO - Database timezone configured: UTC
2025-10-19 07:47:50,211 - safe_zone.database - INFO - Current database time (UTC): 2025-10-19 03:47:50.209825+00:00
2025-10-19 07:47:50,212 - safe_zone.database - INFO - Timezone-aware timestamp: 2025-10-19 03:47:50.211406+00:00
2025-10-19 07:47:50,214 - safe_zone.database - INFO - Timezone conversion test passed: False
2025-10-19 07:47:50,214 - safe_zone - INFO - Database connection established
2025-10-19 07:48:49,413 - safe_zone.database - INFO - Database connection pool closed
2025-10-19 07:48:49,414 - safe_zone - INFO - Database connection closed
2025-10-19 07:48:49,414 - safe_zone - INFO - Safe Zone API Server stopped
2025-10-19 07:48:50,128 - safe_zone - INFO - Logging setup completed
2025-10-19 07:48:50,313 - safe_zone - INFO - Logging setup completed
2025-10-19 07:48:50,350 - safe_zone - INFO - Starting Safe Zone API Server
2025-10-19 07:48:50,350 - safe_zone.database - INFO - Attempting to connect to: 127.0.0.1:5433/safe_zone
2025-10-19 07:48:50,393 - safe_zone.database - INFO - Database connection pool created successfully
2025-10-19 07:48:50,396 - safe_zone.database - INFO - Database timezone configured: UTC
2025-10-19 07:48:50,396 - safe_zone.database - INFO - Current database time (UTC): 2025-10-19 03:48:50.395109+00:00
2025-10-19 07:48:50,397 - safe_zone.database - INFO - Timezone-aware timestamp: 2025-10-19 03:48:50.396693+00:00
2025-10-19 07:48:50,399 - safe_zone.database - INFO - Timezone conversion test passed: False
2025-10-19 07:48:50,400 - safe_zone - INFO - Database connection established
2025-10-19 07:49:25,112 - safe_zone.database - INFO - Database connection pool closed
2025-10-19 07:49:25,113 - safe_zone - INFO - Database connection closed
2025-10-19 07:49:25,114 - safe_zone - INFO - Safe Zone API Server stopped
2025-10-19 07:49:25,886 - safe_zone - INFO - Logging setup completed
2025-10-19 07:49:26,079 - safe_zone - INFO - Logging setup completed
2025-10-19 07:49:26,118 - safe_zone - INFO - Starting Safe Zone API Server
2025-10-19 07:49:26,118 - safe_zone.database - INFO - Attempting to connect to: 127.0.0.1:5433/safe_zone
2025-10-19 07:49:26,163 - safe_zone.database - INFO - Database connection pool created successfully
2025-10-19 07:49:26,166 - safe_zone.database - INFO - Database timezone configured: UTC
2025-10-19 07:49:26,167 - safe_zone.database - INFO - Current database time (UTC): 2025-10-19 03:49:26.165665+00:00
2025-10-19 07:49:26,168 - safe_zone.database - INFO - Timezone-aware timestamp: 2025-10-19 03:49:26.167480+00:00
2025-10-19 07:49:26,170 - safe_zone.database - INFO - Timezone conversion test passed: False
2025-10-19 07:49:26,171 - safe_zone - INFO - Database connection established
2025-10-19 08:22:33,855 - safe_zone.database - INFO - Database connection pool closed
2025-10-19 08:22:33,856 - safe_zone - INFO - Database connection closed
2025-10-19 08:22:33,856 - safe_zone - INFO - Safe Zone API Server stopped
2025-10-19 08:22:34,552 - safe_zone - INFO - Logging setup completed
2025-10-19 08:22:34,726 - safe_zone - INFO - Logging setup completed
2025-10-19 08:22:34,765 - safe_zone - INFO - Starting Safe Zone API Server
2025-10-19 08:22:34,765 - safe_zone.database - INFO - Attempting to connect to: 127.0.0.1:5433/safe_zone
2025-10-19 08:22:34,805 - safe_zone.database - INFO - Database connection pool created successfully
2025-10-19 08:22:34,808 - safe_zone.database - INFO - Database timezone configured: UTC
2025-10-19 08:22:34,808 - safe_zone.database - INFO - Current database time (UTC): 2025-10-19 04:22:34.807338+00:00
2025-10-19 08:22:34,810 - safe_zone.database - INFO - Timezone-aware timestamp: 2025-10-19 04:22:34.809042+00:00
2025-10-19 08:22:34,811 - safe_zone.database - INFO - Timezone conversion test passed: False
2025-10-19 08:22:34,812 - safe_zone - INFO - Database connection established
2025-10-19 08:22:54,351 - safe_zone.database - INFO - Database connection pool closed
2025-10-19 08:22:54,351 - safe_zone - INFO - Database connection closed
2025-10-19 08:22:54,352 - safe_zone - INFO - Safe Zone API Server stopped
2025-10-19 08:22:54,995 - safe_zone - INFO - Logging setup completed
2025-10-19 08:22:55,158 - safe_zone - INFO - Logging setup completed
2025-10-19 08:22:55,190 - safe_zone - INFO - Starting Safe Zone API Server
2025-10-19 08:22:55,191 - safe_zone.database - INFO - Attempting to connect to: 127.0.0.1:5433/safe_zone
2025-10-19 08:22:55,228 - safe_zone.database - INFO - Database connection pool created successfully
2025-10-19 08:22:55,231 - safe_zone.database - INFO - Database timezone configured: UTC
2025-10-19 08:22:55,231 - safe_zone.database - INFO - Current database time (UTC): 2025-10-19 04:22:55.230355+00:00
2025-10-19 08:22:55,233 - safe_zone.database - INFO - Timezone-aware timestamp: 2025-10-19 04:22:55.231805+00:00
2025-10-19 08:22:55,234 - safe_zone.database - INFO - Timezone conversion test passed: False
2025-10-19 08:22:55,234 - safe_zone - INFO - Database connection established
2025-10-19 08:23:52,263 - safe_zone.database - INFO - Database connection pool closed
2025-10-19 08:23:52,263 - safe_zone - INFO - Database connection closed
2025-10-19 08:23:52,263 - safe_zone - INFO - Safe Zone API Server stopped
2025-10-19 08:23:52,902 - safe_zone - INFO - Logging setup completed
2025-10-19 08:23:53,059 - safe_zone - INFO - Logging setup completed
2025-10-19 08:23:53,092 - safe_zone - INFO - Starting Safe Zone API Server
2025-10-19 08:23:53,092 - safe_zone.database - INFO - Attempting to connect to: 127.0.0.1:5433/safe_zone
2025-10-19 08:23:53,131 - safe_zone.database - INFO - Database connection pool created successfully
2025-10-19 08:23:53,134 - safe_zone.database - INFO - Database timezone configured: UTC
2025-10-19 08:23:53,135 - safe_zone.database - INFO - Current database time (UTC): 2025-10-19 04:23:53.133788+00:00
2025-10-19 08:23:53,136 - safe_zone.database - INFO - Timezone-aware timestamp: 2025-10-19 04:23:53.135598+00:00
2025-10-19 08:23:53,138 - safe_zone.database - INFO - Timezone conversion test passed: False
2025-10-19 08:23:53,138 - safe_zone - INFO - Database connection established
2025-10-19 08:25:19,831 - safe_zone.database - INFO - Database connection pool closed
2025-10-19 08:25:19,832 - safe_zone - INFO - Database connection closed
2025-10-19 08:25:19,832 - safe_zone - INFO - Safe Zone API Server stopped
2025-10-19 08:25:20,529 - safe_zone - INFO - Logging setup completed
2025-10-19 08:25:20,713 - safe_zone - INFO - Logging setup completed
2025-10-19 08:25:20,756 - safe_zone - INFO - Starting Safe Zone API Server
2025-10-19 08:25:20,756 - safe_zone.database - INFO - Attempting to connect to: 127.0.0.1:5433/safe_zone
2025-10-19 08:25:20,796 - safe_zone.database - INFO - Database connection pool created successfully
2025-10-19 08:25:20,798 - safe_zone.database - INFO - Database timezone configured: UTC
2025-10-19 08:25:20,798 - safe_zone.database - INFO - Current database time (UTC): 2025-10-19 04:25:20.797817+00:00
2025-10-19 08:25:20,799 - safe_zone.database - INFO - Timezone-aware timestamp: 2025-10-19 04:25:20.799110+00:00
2025-10-19 08:25:20,801 - safe_zone.database - INFO - Timezone conversion test passed: False
2025-10-19 08:25:20,801 - safe_zone - INFO - Database connection established
2025-10-19 08:26:56,701 - safe_zone.database - INFO - Database connection pool closed
2025-10-19 08:26:56,702 - safe_zone - INFO - Database connection closed
2025-10-19 08:26:56,702 - safe_zone - INFO - Safe Zone API Server stopped
2025-10-19 08:26:57,372 - safe_zone - INFO - Logging setup completed
2025-10-19 08:26:57,553 - safe_zone - INFO - Logging setup completed
2025-10-19 08:26:57,596 - safe_zone - INFO - Starting Safe Zone API Server
2025-10-19 08:26:57,596 - safe_zone.database - INFO - Attempting to connect to: 127.0.0.1:5433/safe_zone
2025-10-19 08:26:57,637 - safe_zone.database - INFO - Database connection pool created successfully
2025-10-19 08:26:57,640 - safe_zone.database - INFO - Database timezone configured: UTC
2025-10-19 08:26:57,640 - safe_zone.database - INFO - Current database time (UTC): 2025-10-19 04:26:57.638924+00:00
2025-10-19 08:26:57,642 - safe_zone.database - INFO - Timezone-aware timestamp: 2025-10-19 04:26:57.640737+00:00
2025-10-19 08:26:57,643 - safe_zone.database - INFO - Timezone conversion test passed: False
2025-10-19 08:26:57,644 - safe_zone - INFO - Database connection established
2025-10-19 08:31:35,424 - safe_zone.database - INFO - Database connection pool closed
2025-10-19 08:31:35,426 - safe_zone - INFO - Database connection closed
2025-10-19 08:31:35,426 - safe_zone - INFO - Safe Zone API Server stopped
2025-10-19 08:31:36,046 - safe_zone - INFO - Logging setup completed
2025-10-19 08:31:36,214 - safe_zone - INFO - Logging setup completed
2025-10-19 08:31:36,253 - safe_zone - INFO - Starting Safe Zone API Server
2025-10-19 08:31:36,253 - safe_zone.database - INFO - Attempting to connect to: 127.0.0.1:5433/safe_zone
2025-10-19 08:31:36,289 - safe_zone.database - INFO - Database connection pool created successfully
2025-10-19 08:31:36,291 - safe_zone.database - INFO - Database timezone configured: UTC
2025-10-19 08:31:36,292 - safe_zone.database - INFO - Current database time (UTC): 2025-10-19 04:31:36.291221+00:00
2025-10-19 08:31:36,293 - safe_zone.database - INFO - Timezone-aware timestamp: 2025-10-19 04:31:36.292372+00:00
2025-10-19 08:31:36,294 - safe_zone.database - INFO - Timezone conversion test passed: False
2025-10-19 08:31:36,295 - safe_zone - INFO - Database connection established
2025-10-19 09:33:27,359 - safe_zone.database - INFO - Database connection pool closed
2025-10-19 09:33:27,359 - safe_zone - INFO - Database connection closed
2025-10-19 09:33:27,360 - safe_zone - INFO - Safe Zone API Server stopped
2025-10-19 09:33:28,131 - safe_zone - INFO - Logging setup completed
2025-10-19 09:33:28,359 - safe_zone - INFO - Logging setup completed
2025-10-19 09:33:28,402 - safe_zone - INFO - Starting Safe Zone API Server
2025-10-19 09:33:28,402 - safe_zone.database - INFO - Attempting to connect to: 127.0.0.1:5433/safe_zone
2025-10-19 09:33:28,457 - safe_zone.database - INFO - Database connection pool created successfully
2025-10-19 09:33:28,461 - safe_zone.database - INFO - Database timezone configured: UTC
2025-10-19 09:33:28,461 - safe_zone.database - INFO - Current database time (UTC): 2025-10-19 05:33:28.459756+00:00
2025-10-19 09:33:28,462 - safe_zone.database - INFO - Timezone-aware timestamp: 2025-10-19 05:33:28.461932+00:00
2025-10-19 09:33:28,464 - safe_zone.database - INFO - Timezone conversion test passed: False
2025-10-19 09:33:28,464 - safe_zone - INFO - Database connection established
2025-10-19 09:33:55,800 - safe_zone.database - INFO - Database connection pool closed
2025-10-19 09:33:55,800 - safe_zone - INFO - Database connection closed
2025-10-19 09:33:55,800 - safe_zone - INFO - Safe Zone API Server stopped
2025-10-19 09:33:56,532 - safe_zone - INFO - Logging setup completed
2025-10-19 09:33:56,730 - safe_zone - INFO - Logging setup completed
2025-10-19 09:33:56,774 - safe_zone - INFO - Starting Safe Zone API Server
2025-10-19 09:33:56,775 - safe_zone.database - INFO - Attempting to connect to: 127.0.0.1:5433/safe_zone
2025-10-19 09:33:56,817 - safe_zone.database - INFO - Database connection pool created successfully
2025-10-19 09:33:56,820 - safe_zone.database - INFO - Database timezone configured: UTC
2025-10-19 09:33:56,820 - safe_zone.database - INFO - Current database time (UTC): 2025-10-19 05:33:56.818987+00:00
2025-10-19 09:33:56,821 - safe_zone.database - INFO - Timezone-aware timestamp: 2025-10-19 05:33:56.820593+00:00
2025-10-19 09:33:56,823 - safe_zone.database - INFO - Timezone conversion test passed: False
2025-10-19 09:33:56,824 - safe_zone - INFO - Database connection established
2025-10-19 09:34:18,723 - safe_zone.database - INFO - Database connection pool closed
2025-10-19 09:34:18,724 - safe_zone - INFO - Database connection closed
2025-10-19 09:34:18,725 - safe_zone - INFO - Safe Zone API Server stopped
2025-10-19 09:34:19,471 - safe_zone - INFO - Logging setup completed
2025-10-19 09:34:19,658 - safe_zone - INFO - Logging setup completed
2025-10-19 09:34:19,706 - safe_zone - INFO - Starting Safe Zone API Server
2025-10-19 09:34:19,706 - safe_zone.database - INFO - Attempting to connect to: 127.0.0.1:5433/safe_zone
2025-10-19 09:34:19,760 - safe_zone.database - INFO - Database connection pool created successfully
2025-10-19 09:34:19,762 - safe_zone.database - INFO - Database timezone configured: UTC
2025-10-19 09:34:19,763 - safe_zone.database - INFO - Current database time (UTC): 2025-10-19 05:34:19.761986+00:00
2025-10-19 09:34:19,764 - safe_zone.database - INFO - Timezone-aware timestamp: 2025-10-19 05:34:19.763376+00:00
2025-10-19 09:34:19,766 - safe_zone.database - INFO - Timezone conversion test passed: False
2025-10-19 09:34:19,767 - safe_zone - INFO - Database connection established
2025-10-19 09:34:50,024 - safe_zone.database - INFO - Database connection pool closed
2025-10-19 09:34:50,025 - safe_zone - INFO - Database connection closed
2025-10-19 09:34:50,025 - safe_zone - INFO - Safe Zone API Server stopped
2025-10-19 09:34:50,754 - safe_zone - INFO - Logging setup completed
2025-10-19 09:34:50,948 - safe_zone - INFO - Logging setup completed
2025-10-19 09:34:50,993 - safe_zone - INFO - Starting Safe Zone API Server
2025-10-19 09:34:50,993 - safe_zone.database - INFO - Attempting to connect to: 127.0.0.1:5433/safe_zone
2025-10-19 09:34:51,037 - safe_zone.database - INFO - Database connection pool created successfully
2025-10-19 09:34:51,041 - safe_zone.database - INFO - Database timezone configured: UTC
2025-10-19 09:34:51,041 - safe_zone.database - INFO - Current database time (UTC): 2025-10-19 05:34:51.039830+00:00
2025-10-19 09:34:51,043 - safe_zone.database - INFO - Timezone-aware timestamp: 2025-10-19 05:34:51.041819+00:00
2025-10-19 09:34:51,044 - safe_zone.database - INFO - Timezone conversion test passed: False
2025-10-19 09:34:51,045 - safe_zone - INFO - Database connection established
2025-10-19 09:36:28,052 - safe_zone.database - INFO - Database connection pool closed
2025-10-19 09:36:28,053 - safe_zone - INFO - Database connection closed
2025-10-19 09:36:28,054 - safe_zone - INFO - Safe Zone API Server stopped
2025-10-19 09:36:28,799 - safe_zone - INFO - Logging setup completed
2025-10-19 09:36:29,005 - safe_zone - INFO - Logging setup completed
2025-10-19 09:36:29,053 - safe_zone - INFO - Starting Safe Zone API Server
2025-10-19 09:36:29,053 - safe_zone.database - INFO - Attempting to connect to: 127.0.0.1:5433/safe_zone
2025-10-19 09:36:29,103 - safe_zone.database - INFO - Database connection pool created successfully
2025-10-19 09:36:29,106 - safe_zone.database - INFO - Database timezone configured: UTC
2025-10-19 09:36:29,107 - safe_zone.database - INFO - Current database time (UTC): 2025-10-19 05:36:29.105645+00:00
2025-10-19 09:36:29,108 - safe_zone.database - INFO - Timezone-aware timestamp: 2025-10-19 05:36:29.107461+00:00
2025-10-19 09:36:29,110 - safe_zone.database - INFO - Timezone conversion test passed: False
2025-10-19 09:36:29,110 - safe_zone - INFO - Database connection established
2025-10-19 09:36:49,826 - safe_zone.database - INFO - Database connection pool closed
2025-10-19 09:36:49,827 - safe_zone - INFO - Database connection closed
2025-10-19 09:36:49,827 - safe_zone - INFO - Safe Zone API Server stopped
2025-10-19 09:36:50,587 - safe_zone - INFO - Logging setup completed
2025-10-19 09:36:50,859 - safe_zone - INFO - Logging setup completed
2025-10-19 09:36:50,932 - safe_zone - INFO - Starting Safe Zone API Server
2025-10-19 09:36:50,932 - safe_zone.database - INFO - Attempting to connect to: 127.0.0.1:5433/safe_zone
2025-10-19 09:36:50,982 - safe_zone.database - INFO - Database connection pool created successfully
2025-10-19 09:36:50,985 - safe_zone.database - INFO - Database timezone configured: UTC
2025-10-19 09:36:50,986 - safe_zone.database - INFO - Current database time (UTC): 2025-10-19 05:36:50.984921+00:00
2025-10-19 09:36:50,988 - safe_zone.database - INFO - Timezone-aware timestamp: 2025-10-19 05:36:50.987995+00:00
2025-10-19 09:36:50,990 - safe_zone.database - INFO - Timezone conversion test passed: False
2025-10-19 09:36:50,991 - safe_zone - INFO - Database connection established
2025-10-19 09:41:18,034 - safe_zone.database - INFO - Database connection pool closed
2025-10-19 09:41:18,035 - safe_zone - INFO - Database connection closed
2025-10-19 09:41:18,037 - safe_zone - INFO - Safe Zone API Server stopped
2025-10-19 09:41:18,796 - safe_zone - INFO - Logging setup completed
2025-10-19 09:41:19,019 - safe_zone - INFO - Logging setup completed
2025-10-19 09:41:19,069 - safe_zone - INFO - Starting Safe Zone API Server
2025-10-19 09:41:19,070 - safe_zone.database - INFO - Attempting to connect to: 127.0.0.1:5433/safe_zone
2025-10-19 09:41:19,119 - safe_zone.database - INFO - Database connection pool created successfully
2025-10-19 09:41:19,123 - safe_zone.database - INFO - Database timezone configured: UTC
2025-10-19 09:41:19,123 - safe_zone.database - INFO - Current database time (UTC): 2025-10-19 05:41:19.121797+00:00
2025-10-19 09:41:19,125 - safe_zone.database - INFO - Timezone-aware timestamp: 2025-10-19 05:41:19.124075+00:00
2025-10-19 09:41:19,126 - safe_zone.database - INFO - Timezone conversion test passed: False
2025-10-19 09:41:19,127 - safe_zone - INFO - Database connection established
2025-10-19 09:42:03,882 - safe_zone.database - INFO - Database connection pool closed
2025-10-19 09:42:03,883 - safe_zone - INFO - Database connection closed
2025-10-19 09:42:03,883 - safe_zone - INFO - Safe Zone API Server stopped
2025-10-19 09:42:04,606 - safe_zone - INFO - Logging setup completed
2025-10-19 09:42:04,803 - safe_zone - INFO - Logging setup completed
2025-10-19 09:42:04,851 - safe_zone - INFO - Starting Safe Zone API Server
2025-10-19 09:42:04,851 - safe_zone.database - INFO - Attempting to connect to: 127.0.0.1:5433/safe_zone
2025-10-19 09:42:04,891 - safe_zone.database - INFO - Database connection pool created successfully
2025-10-19 09:42:04,894 - safe_zone.database - INFO - Database timezone configured: UTC
2025-10-19 09:42:04,894 - safe_zone.database - INFO - Current database time (UTC): 2025-10-19 05:42:04.893371+00:00
2025-10-19 09:42:04,895 - safe_zone.database - INFO - Timezone-aware timestamp: 2025-10-19 05:42:04.894782+00:00
2025-10-19 09:42:04,897 - safe_zone.database - INFO - Timezone conversion test passed: False
2025-10-19 09:42:04,898 - safe_zone - INFO - Database connection established
2025-10-19 09:42:32,286 - safe_zone.database - INFO - Database connection pool closed
2025-10-19 09:42:32,287 - safe_zone - INFO - Database connection closed
2025-10-19 09:42:32,287 - safe_zone - INFO - Safe Zone API Server stopped
2025-10-19 09:42:38,126 - safe_zone - INFO - Logging setup completed
2025-10-19 09:42:38,328 - safe_zone - INFO - Logging setup completed
2025-10-19 09:42:38,378 - safe_zone - INFO - Starting Safe Zone API Server
2025-10-19 09:42:38,378 - safe_zone.database - INFO - Attempting to connect to: 127.0.0.1:5433/safe_zone
2025-10-19 09:42:38,421 - safe_zone.database - INFO - Database connection pool created successfully
2025-10-19 09:42:38,424 - safe_zone.database - INFO - Database timezone configured: UTC
2025-10-19 09:42:38,424 - safe_zone.database - INFO - Current database time (UTC): 2025-10-19 05:42:38.423606+00:00
2025-10-19 09:42:38,426 - safe_zone.database - INFO - Timezone-aware timestamp: 2025-10-19 05:42:38.425137+00:00
2025-10-19 09:42:38,429 - safe_zone.database - INFO - Timezone conversion test passed: False
2025-10-19 09:42:38,429 - safe_zone - INFO - Database connection established
2025-10-19 09:42:43,738 - safe_zone.health - INFO - Health check - Database connected
2025-10-19 09:45:54,534 - safe_zone - INFO - Logging setup completed
2025-10-19 09:45:54,740 - safe_zone - INFO - Logging setup completed
2025-10-19 09:45:54,787 - safe_zone - INFO - Starting Safe Zone API Server
2025-10-19 09:45:54,788 - safe_zone.database - INFO - Attempting to connect to: 127.0.0.1:5433/safe_zone
2025-10-19 09:45:54,831 - safe_zone.database - INFO - Database connection pool created successfully
2025-10-19 09:45:54,834 - safe_zone.database - INFO - Database timezone configured: UTC
2025-10-19 09:45:54,835 - safe_zone.database - INFO - Current database time (UTC): 2025-10-19 05:45:54.833522+00:00
2025-10-19 09:45:54,836 - safe_zone.database - INFO - Timezone-aware timestamp: 2025-10-19 05:45:54.835740+00:00
2025-10-19 09:45:54,839 - safe_zone.database - INFO - Timezone conversion test passed: False
2025-10-19 09:45:54,839 - safe_zone - INFO - Database connection established
2025-10-19 09:46:16,873 - safe_zone.database - INFO - Database connection pool closed
2025-10-19 09:46:16,873 - safe_zone - INFO - Database connection closed
2025-10-19 09:46:16,874 - safe_zone - INFO - Safe Zone API Server stopped
2025-10-19 09:46:19,411 - safe_zone - INFO - Logging setup completed
2025-10-19 09:46:19,615 - safe_zone - INFO - Logging setup completed
2025-10-19 09:46:19,663 - safe_zone - INFO - Starting Safe Zone API Server
2025-10-19 09:46:19,663 - safe_zone.database - INFO - Attempting to connect to: 127.0.0.1:5433/safe_zone
2025-10-19 09:46:19,713 - safe_zone.database - INFO - Database connection pool created successfully
2025-10-19 09:46:19,715 - safe_zone.database - INFO - Database timezone configured: UTC
2025-10-19 09:46:19,715 - safe_zone.database - INFO - Current database time (UTC): 2025-10-19 05:46:19.714662+00:00
2025-10-19 09:46:19,717 - safe_zone.database - INFO - Timezone-aware timestamp: 2025-10-19 05:46:19.716284+00:00
2025-10-19 09:46:19,719 - safe_zone.database - INFO - Timezone conversion test passed: False
2025-10-19 09:46:19,720 - safe_zone - INFO - Database connection established
2025-10-19 10:17:25,063 - safe_zone.database - INFO - Database connection pool closed
2025-10-19 10:17:25,064 - safe_zone - INFO - Database connection closed
2025-10-19 10:17:25,065 - safe_zone - INFO - Safe Zone API Server stopped
2025-10-19 10:17:25,865 - safe_zone - INFO - Logging setup completed
2025-10-19 10:17:26,074 - safe_zone - INFO - Logging setup completed
2025-10-19 10:17:26,123 - safe_zone - INFO - Starting Safe Zone API Server
2025-10-19 10:17:26,124 - safe_zone.database - INFO - Attempting to connect to: 127.0.0.1:5433/safe_zone
2025-10-19 10:17:26,164 - safe_zone.database - INFO - Database connection pool created successfully
2025-10-19 10:17:26,168 - safe_zone.database - INFO - Database timezone configured: UTC
2025-10-19 10:17:26,168 - safe_zone.database - INFO - Current database time (UTC): 2025-10-19 06:17:26.166971+00:00
2025-10-19 10:17:26,170 - safe_zone.database - INFO - Timezone-aware timestamp: 2025-10-19 06:17:26.169359+00:00
2025-10-19 10:17:26,171 - safe_zone.database - INFO - Timezone conversion test passed: False
2025-10-19 10:17:26,172 - safe_zone - INFO - Database connection established
2025-10-19 10:18:30,785 - safe_zone.database - INFO - Database connection pool closed
2025-10-19 10:18:30,786 - safe_zone - INFO - Database connection closed
2025-10-19 10:18:30,786 - safe_zone - INFO - Safe Zone API Server stopped
2025-10-19 10:18:31,479 - safe_zone - INFO - Logging setup completed
2025-10-19 10:18:31,670 - safe_zone - INFO - Logging setup completed
2025-10-19 10:18:31,717 - safe_zone - INFO - Starting Safe Zone API Server
2025-10-19 10:18:31,717 - safe_zone.database - INFO - Attempting to connect to: 127.0.0.1:5433/safe_zone
2025-10-19 10:18:31,756 - safe_zone.database - INFO - Database connection pool created successfully
2025-10-19 10:18:31,758 - safe_zone.database - INFO - Database timezone configured: UTC
2025-10-19 10:18:31,758 - safe_zone.database - INFO - Current database time (UTC): 2025-10-19 06:18:31.757859+00:00
2025-10-19 10:18:31,759 - safe_zone.database - INFO - Timezone-aware timestamp: 2025-10-19 06:18:31.759115+00:00
2025-10-19 10:18:31,761 - safe_zone.database - INFO - Timezone conversion test passed: False
2025-10-19 10:18:31,762 - safe_zone - INFO - Database connection established
2025-10-19 10:18:58,867 - safe_zone.database - INFO - Database connection pool closed
2025-10-19 10:18:58,869 - safe_zone - INFO - Database connection closed
2025-10-19 10:18:58,869 - safe_zone - INFO - Safe Zone API Server stopped
2025-10-19 10:18:59,520 - safe_zone - INFO - Logging setup completed
2025-10-19 10:18:59,723 - safe_zone - INFO - Logging setup completed
2025-10-19 10:18:59,773 - safe_zone - INFO - Starting Safe Zone API Server
2025-10-19 10:18:59,773 - safe_zone.database - INFO - Attempting to connect to: 127.0.0.1:5433/safe_zone
2025-10-19 10:18:59,812 - safe_zone.database - INFO - Database connection pool created successfully
2025-10-19 10:18:59,814 - safe_zone.database - INFO - Database timezone configured: UTC
2025-10-19 10:18:59,814 - safe_zone.database - INFO - Current database time (UTC): 2025-10-19 06:18:59.813953+00:00
2025-10-19 10:18:59,816 - safe_zone.database - INFO - Timezone-aware timestamp: 2025-10-19 06:18:59.815245+00:00
2025-10-19 10:18:59,818 - safe_zone.database - INFO - Timezone conversion test passed: False
2025-10-19 10:18:59,818 - safe_zone - INFO - Database connection established
2025-10-19 10:19:17,883 - safe_zone.database - INFO - Database connection pool closed
2025-10-19 10:19:17,883 - safe_zone - INFO - Database connection closed
2025-10-19 10:19:17,884 - safe_zone - INFO - Safe Zone API Server stopped
2025-10-19 10:19:18,552 - safe_zone - INFO - Logging setup completed
2025-10-19 10:19:18,749 - safe_zone - INFO - Logging setup completed
2025-10-19 10:19:18,797 - safe_zone - INFO - Starting Safe Zone API Server
2025-10-19 10:19:18,797 - safe_zone.database - INFO - Attempting to connect to: 127.0.0.1:5433/safe_zone
2025-10-19 10:19:18,834 - safe_zone.database - INFO - Database connection pool created successfully
2025-10-19 10:19:18,838 - safe_zone.database - INFO - Database timezone configured: UTC
2025-10-19 10:19:18,838 - safe_zone.database - INFO - Current database time (UTC): 2025-10-19 06:19:18.837322+00:00
2025-10-19 10:19:18,840 - safe_zone.database - INFO - Timezone-aware timestamp: 2025-10-19 06:19:18.839769+00:00
2025-10-19 10:19:18,841 - safe_zone.database - INFO - Timezone conversion test passed: False
2025-10-19 10:19:18,842 - safe_zone - INFO - Database connection established
2025-10-19 10:22:21,039 - safe_zone.database - INFO - Database connection pool closed
2025-10-19 10:22:21,039 - safe_zone - INFO - Database connection closed
2025-10-19 10:22:21,039 - safe_zone - INFO - Safe Zone API Server stopped
2025-10-19 10:22:21,693 - safe_zone - INFO - Logging setup completed
2025-10-19 10:22:21,885 - safe_zone - INFO - Logging setup completed
2025-10-19 10:22:21,932 - safe_zone - INFO - Starting Safe Zone API Server
2025-10-19 10:22:21,932 - safe_zone.database - INFO - Attempting to connect to: 127.0.0.1:5433/safe_zone
2025-10-19 10:22:21,970 - safe_zone.database - INFO - Database connection pool created successfully
2025-10-19 10:22:21,972 - safe_zone.database - INFO - Database timezone configured: UTC
2025-10-19 10:22:21,972 - safe_zone.database - INFO - Current database time (UTC): 2025-10-19 06:22:21.972018+00:00
2025-10-19 10:22:21,974 - safe_zone.database - INFO - Timezone-aware timestamp: 2025-10-19 06:22:21.973339+00:00
2025-10-19 10:22:21,975 - safe_zone.database - INFO - Timezone conversion test passed: False
2025-10-19 10:22:21,976 - safe_zone - INFO - Database connection established
2025-10-19 10:24:29,468 - safe_zone.database - INFO - Database connection pool closed
2025-10-19 10:24:29,468 - safe_zone - INFO - Database connection closed
2025-10-19 10:24:29,468 - safe_zone - INFO - Safe Zone API Server stopped
2025-10-19 10:24:30,134 - safe_zone - INFO - Logging setup completed
2025-10-19 10:24:30,328 - safe_zone - INFO - Logging setup completed
2025-10-19 10:24:30,376 - safe_zone - INFO - Starting Safe Zone API Server
2025-10-19 10:24:30,376 - safe_zone.database - INFO - Attempting to connect to: 127.0.0.1:5433/safe_zone
2025-10-19 10:24:30,415 - safe_zone.database - INFO - Database connection pool created successfully
2025-10-19 10:24:30,417 - safe_zone.database - INFO - Database timezone configured: UTC
2025-10-19 10:24:30,417 - safe_zone.database - INFO - Current database time (UTC): 2025-10-19 06:24:30.416691+00:00
2025-10-19 10:24:30,419 - safe_zone.database - INFO - Timezone-aware timestamp: 2025-10-19 06:24:30.418261+00:00
2025-10-19 10:24:30,421 - safe_zone.database - INFO - Timezone conversion test passed: False
2025-10-19 10:24:30,421 - safe_zone - INFO - Database connection established
2025-10-19 10:25:05,739 - safe_zone.database - INFO - Database connection pool closed
2025-10-19 10:25:05,740 - safe_zone - INFO - Database connection closed
2025-10-19 10:25:05,740 - safe_zone - INFO - Safe Zone API Server stopped
2025-10-19 10:25:06,424 - safe_zone - INFO - Logging setup completed
2025-10-19 10:25:06,622 - safe_zone - INFO - Logging setup completed
2025-10-19 10:25:06,673 - safe_zone - INFO - Starting Safe Zone API Server
2025-10-19 10:25:06,673 - safe_zone.database - INFO - Attempting to connect to: 127.0.0.1:5433/safe_zone
2025-10-19 10:25:06,712 - safe_zone.database - INFO - Database connection pool created successfully
2025-10-19 10:25:06,714 - safe_zone.database - INFO - Database timezone configured: UTC
2025-10-19 10:25:06,714 - safe_zone.database - INFO - Current database time (UTC): 2025-10-19 06:25:06.713874+00:00
2025-10-19 10:25:06,716 - safe_zone.database - INFO - Timezone-aware timestamp: 2025-10-19 06:25:06.715223+00:00
2025-10-19 10:25:06,717 - safe_zone.database - INFO - Timezone conversion test passed: False
2025-10-19 10:25:06,718 - safe_zone - INFO - Database connection established
2025-10-19 10:25:28,981 - safe_zone.database - INFO - Database connection pool closed
2025-10-19 10:25:28,982 - safe_zone - INFO - Database connection closed
2025-10-19 10:25:28,983 - safe_zone - INFO - Safe Zone API Server stopped
2025-10-19 10:25:29,631 - safe_zone - INFO - Logging setup completed
2025-10-19 10:25:29,824 - safe_zone - INFO - Logging setup completed
2025-10-19 10:25:29,872 - safe_zone - INFO - Starting Safe Zone API Server
2025-10-19 10:25:29,872 - safe_zone.database - INFO - Attempting to connect to: 127.0.0.1:5433/safe_zone
2025-10-19 10:25:29,910 - safe_zone.database - INFO - Database connection pool created successfully
2025-10-19 10:25:29,914 - safe_zone.database - INFO - Database timezone configured: UTC
2025-10-19 10:25:29,914 - safe_zone.database - INFO - Current database time (UTC): 2025-10-19 06:25:29.911795+00:00
2025-10-19 10:25:29,915 - safe_zone.database - INFO - Timezone-aware timestamp: 2025-10-19 06:25:29.914834+00:00
2025-10-19 10:25:29,916 - safe_zone.database - INFO - Timezone conversion test passed: False
2025-10-19 10:25:29,917 - safe_zone - INFO - Database connection established
2025-10-19 10:30:41,935 - safe_zone.database - INFO - Database connection pool closed
2025-10-19 10:30:41,936 - safe_zone - INFO - Database connection closed
2025-10-19 10:30:41,936 - safe_zone - INFO - Safe Zone API Server stopped
2025-10-19 10:30:42,616 - safe_zone - INFO - Logging setup completed
2025-10-19 10:30:42,810 - safe_zone - INFO - Logging setup completed
2025-10-19 10:30:42,858 - safe_zone - INFO - Starting Safe Zone API Server
2025-10-19 10:30:42,858 - safe_zone.database - INFO - Attempting to connect to: 127.0.0.1:5433/safe_zone
2025-10-19 10:30:42,896 - safe_zone.database - INFO - Database connection pool created successfully
2025-10-19 10:30:42,899 - safe_zone.database - INFO - Database timezone configured: UTC
2025-10-19 10:30:42,899 - safe_zone.database - INFO - Current database time (UTC): 2025-10-19 06:30:42.898267+00:00
2025-10-19 10:30:42,900 - safe_zone.database - INFO - Timezone-aware timestamp: 2025-10-19 06:30:42.899509+00:00
2025-10-19 10:30:42,902 - safe_zone.database - INFO - Timezone conversion test passed: False
2025-10-19 10:30:42,902 - safe_zone - INFO - Database connection established
2025-10-19 10:31:50,869 - safe_zone.database - INFO - Database connection pool closed
2025-10-19 10:31:50,870 - safe_zone - INFO - Database connection closed
2025-10-19 10:31:50,871 - safe_zone - INFO - Safe Zone API Server stopped
2025-10-19 10:31:51,566 - safe_zone - INFO - Logging setup completed
2025-10-19 10:31:51,763 - safe_zone - INFO - Logging setup completed
2025-10-19 10:31:51,811 - safe_zone - INFO - Starting Safe Zone API Server
2025-10-19 10:31:51,811 - safe_zone.database - INFO - Attempting to connect to: 127.0.0.1:5433/safe_zone
2025-10-19 10:31:51,850 - safe_zone.database - INFO - Database connection pool created successfully
2025-10-19 10:31:51,854 - safe_zone.database - INFO - Database timezone configured: UTC
2025-10-19 10:31:51,854 - safe_zone.database - INFO - Current database time (UTC): 2025-10-19 06:31:51.852046+00:00
2025-10-19 10:31:51,855 - safe_zone.database - INFO - Timezone-aware timestamp: 2025-10-19 06:31:51.854555+00:00
2025-10-19 10:31:51,856 - safe_zone.database - INFO - Timezone conversion test passed: False
2025-10-19 10:31:51,856 - safe_zone - INFO - Database connection established
2025-10-19 10:34:30,992 - safe_zone.database - INFO - Database connection pool closed
2025-10-19 10:34:30,992 - safe_zone - INFO - Database connection closed
2025-10-19 10:34:30,992 - safe_zone - INFO - Safe Zone API Server stopped
2025-10-19 10:34:31,693 - safe_zone - INFO - Logging setup completed
2025-10-19 10:34:31,973 - safe_zone - INFO - Logging setup completed
2025-10-19 10:34:32,045 - safe_zone - INFO - Starting Safe Zone API Server
2025-10-19 10:34:32,045 - safe_zone.database - INFO - Attempting to connect to: 127.0.0.1:5433/safe_zone
2025-10-19 10:34:32,083 - safe_zone.database - INFO - Database connection pool created successfully
2025-10-19 10:34:32,085 - safe_zone.database - INFO - Database timezone configured: UTC
2025-10-19 10:34:32,085 - safe_zone.database - INFO - Current database time (UTC): 2025-10-19 06:34:32.084640+00:00
2025-10-19 10:34:32,086 - safe_zone.database - INFO - Timezone-aware timestamp: 2025-10-19 06:34:32.085627+00:00
2025-10-19 10:34:32,088 - safe_zone.database - INFO - Timezone conversion test passed: False
2025-10-19 10:34:32,088 - safe_zone - INFO - Database connection established
2025-10-19 10:41:20,433 - safe_zone.database - INFO - Database connection pool closed
2025-10-19 10:41:20,434 - safe_zone - INFO - Database connection closed
2025-10-19 10:41:20,434 - safe_zone - INFO - Safe Zone API Server stopped
2025-10-19 10:41:21,082 - safe_zone - INFO - Logging setup completed
2025-10-19 10:41:21,275 - safe_zone - INFO - Logging setup completed
2025-10-19 10:41:21,322 - safe_zone - INFO - Starting Safe Zone API Server
2025-10-19 10:41:21,322 - safe_zone.database - INFO - Attempting to connect to: 127.0.0.1:5433/safe_zone
2025-10-19 10:41:21,359 - safe_zone.database - INFO - Database connection pool created successfully
2025-10-19 10:41:21,361 - safe_zone.database - INFO - Database timezone configured: UTC
2025-10-19 10:41:21,362 - safe_zone.database - INFO - Current database time (UTC): 2025-10-19 06:41:21.360958+00:00
2025-10-19 10:41:21,363 - safe_zone.database - INFO - Timezone-aware timestamp: 2025-10-19 06:41:21.362368+00:00
2025-10-19 10:41:21,365 - safe_zone.database - INFO - Timezone conversion test passed: False
2025-10-19 10:41:21,366 - safe_zone - INFO - Database connection established
2025-10-19 10:42:08,481 - safe_zone.database - INFO - Database connection pool closed
2025-10-19 10:42:08,481 - safe_zone - INFO - Database connection closed
2025-10-19 10:42:08,481 - safe_zone - INFO - Safe Zone API Server stopped
2025-10-19 10:42:11,056 - safe_zone - INFO - Logging setup completed
2025-10-19 10:42:11,270 - safe_zone - INFO - Logging setup completed
2025-10-19 10:42:11,323 - safe_zone - INFO - Starting Safe Zone API Server
2025-10-19 10:42:11,323 - safe_zone.database - INFO - Attempting to connect to: 127.0.0.1:5433/safe_zone
2025-10-19 10:42:11,365 - safe_zone.database - INFO - Database connection pool created successfully
2025-10-19 10:42:11,368 - safe_zone.database - INFO - Database timezone configured: UTC
2025-10-19 10:42:11,368 - safe_zone.database - INFO - Current database time (UTC): 2025-10-19 06:42:11.367482+00:00
2025-10-19 10:42:11,369 - safe_zone.database - INFO - Timezone-aware timestamp: 2025-10-19 06:42:11.368794+00:00
2025-10-19 10:42:11,372 - safe_zone.database - INFO - Timezone conversion test passed: False
2025-10-19 10:42:11,372 - safe_zone - INFO - Database connection established
2025-10-19 10:44:43,591 - safe_zone.database - INFO - Database connection pool closed
2025-10-19 10:44:43,592 - safe_zone - INFO - Database connection closed
2025-10-19 10:44:43,593 - safe_zone - INFO - Safe Zone API Server stopped
2025-10-19 10:44:44,235 - safe_zone - INFO - Logging setup completed
2025-10-19 10:44:44,433 - safe_zone - INFO - Logging setup completed
2025-10-19 10:44:44,481 - safe_zone - INFO - Starting Safe Zone API Server
2025-10-19 10:44:44,481 - safe_zone.database - INFO - Attempting to connect to: 127.0.0.1:5433/safe_zone
2025-10-19 10:44:44,517 - safe_zone.database - INFO - Database connection pool created successfully
2025-10-19 10:44:44,520 - safe_zone.database - INFO - Database timezone configured: UTC
2025-10-19 10:44:44,520 - safe_zone.database - INFO - Current database time (UTC): 2025-10-19 06:44:44.519090+00:00
2025-10-19 10:44:44,521 - safe_zone.database - INFO - Timezone-aware timestamp: 2025-10-19 06:44:44.521183+00:00
2025-10-19 10:44:44,522 - safe_zone.database - INFO - Timezone conversion test passed: False
2025-10-19 10:44:44,523 - safe_zone - INFO - Database connection established
2025-10-19 10:46:21,409 - safe_zone.database - INFO - Database connection pool closed
2025-10-19 10:46:21,409 - safe_zone - INFO - Database connection closed
2025-10-19 10:46:21,409 - safe_zone - INFO - Safe Zone API Server stopped
2025-10-19 10:46:22,092 - safe_zone - INFO - Logging setup completed
2025-10-19 10:46:22,300 - safe_zone - INFO - Logging setup completed
2025-10-19 10:46:22,351 - safe_zone - INFO - Starting Safe Zone API Server
2025-10-19 10:46:22,351 - safe_zone.database - INFO - Attempting to connect to: 127.0.0.1:5433/safe_zone
2025-10-19 10:46:22,390 - safe_zone.database - INFO - Database connection pool created successfully
2025-10-19 10:46:22,392 - safe_zone.database - INFO - Database timezone configured: UTC
2025-10-19 10:46:22,393 - safe_zone.database - INFO - Current database time (UTC): 2025-10-19 06:46:22.392028+00:00
2025-10-19 10:46:22,394 - safe_zone.database - INFO - Timezone-aware timestamp: 2025-10-19 06:46:22.393408+00:00
2025-10-19 10:46:22,396 - safe_zone.database - INFO - Timezone conversion test passed: False
2025-10-19 10:46:22,396 - safe_zone - INFO - Database connection established
2025-10-19 10:47:09,459 - safe_zone.database - INFO - Database connection pool closed
2025-10-19 10:47:09,459 - safe_zone - INFO - Database connection closed
2025-10-19 10:47:09,459 - safe_zone - INFO - Safe Zone API Server stopped
2025-10-19 10:47:10,145 - safe_zone - INFO - Logging setup completed
2025-10-19 10:47:10,425 - safe_zone - INFO - Logging setup completed
2025-10-19 10:47:10,489 - safe_zone - INFO - Starting Safe Zone API Server
2025-10-19 10:47:10,489 - safe_zone.database - INFO - Attempting to connect to: 127.0.0.1:5433/safe_zone
2025-10-19 10:47:10,532 - safe_zone.database - INFO - Database connection pool created successfully
2025-10-19 10:47:10,534 - safe_zone.database - INFO - Database timezone configured: UTC
2025-10-19 10:47:10,535 - safe_zone.database - INFO - Current database time (UTC): 2025-10-19 06:47:10.534068+00:00
2025-10-19 10:47:10,536 - safe_zone.database - INFO - Timezone-aware timestamp: 2025-10-19 06:47:10.535467+00:00
2025-10-19 10:47:10,538 - safe_zone.database - INFO - Timezone conversion test passed: False
2025-10-19 10:47:10,539 - safe_zone - INFO - Database connection established
2025-10-19 10:47:37,023 - safe_zone.database - INFO - Database connection pool closed
2025-10-19 10:47:37,024 - safe_zone - INFO - Database connection closed
2025-10-19 10:47:37,024 - safe_zone - INFO - Safe Zone API Server stopped
2025-10-19 10:47:37,708 - safe_zone - INFO - Logging setup completed
2025-10-19 10:47:37,971 - safe_zone - INFO - Logging setup completed
2025-10-19 10:47:38,035 - safe_zone - INFO - Starting Safe Zone API Server
2025-10-19 10:47:38,035 - safe_zone.database - INFO - Attempting to connect to: 127.0.0.1:5433/safe_zone
2025-10-19 10:47:38,076 - safe_zone.database - INFO - Database connection pool created successfully
2025-10-19 10:47:38,078 - safe_zone.database - INFO - Database timezone configured: UTC
2025-10-19 10:47:38,078 - safe_zone.database - INFO - Current database time (UTC): 2025-10-19 06:47:38.077792+00:00
2025-10-19 10:47:38,080 - safe_zone.database - INFO - Timezone-aware timestamp: 2025-10-19 06:47:38.079082+00:00
2025-10-19 10:47:38,082 - safe_zone.database - INFO - Timezone conversion test passed: False
2025-10-19 10:47:38,082 - safe_zone - INFO - Database connection established
2025-10-19 10:52:05,035 - safe_zone.database - INFO - Database connection pool closed
2025-10-19 10:52:05,036 - safe_zone - INFO - Database connection closed
2025-10-19 10:52:05,036 - safe_zone - INFO - Safe Zone API Server stopped
2025-10-19 10:52:05,713 - safe_zone - INFO - Logging setup completed
2025-10-19 10:52:05,979 - safe_zone - INFO - Logging setup completed
2025-10-19 10:52:06,040 - safe_zone - INFO - Starting Safe Zone API Server
2025-10-19 10:52:06,040 - safe_zone.database - INFO - Attempting to connect to: 127.0.0.1:5433/safe_zone
2025-10-19 10:52:06,079 - safe_zone.database - INFO - Database connection pool created successfully
2025-10-19 10:52:06,082 - safe_zone.database - INFO - Database timezone configured: UTC
2025-10-19 10:52:06,082 - safe_zone.database - INFO - Current database time (UTC): 2025-10-19 06:52:06.081610+00:00
2025-10-19 10:52:06,084 - safe_zone.database - INFO - Timezone-aware timestamp: 2025-10-19 06:52:06.083243+00:00
2025-10-19 10:52:06,086 - safe_zone.database - INFO - Timezone conversion test passed: False
2025-10-19 10:52:06,087 - safe_zone - INFO - Database connection established
2025-10-19 10:53:24,492 - safe_zone.database - INFO - Database connection pool closed
2025-10-19 10:53:24,492 - safe_zone - INFO - Database connection closed
2025-10-19 10:53:24,492 - safe_zone - INFO - Safe Zone API Server stopped
2025-10-19 10:53:25,392 - safe_zone - INFO - Logging setup completed
2025-10-19 10:53:25,670 - safe_zone - INFO - Logging setup completed
2025-10-19 10:53:25,752 - safe_zone - INFO - Starting Safe Zone API Server
2025-10-19 10:53:25,752 - safe_zone.database - INFO - Attempting to connect to: 127.0.0.1:5433/safe_zone
2025-10-19 10:53:25,809 - safe_zone.database - INFO - Database connection pool created successfully
2025-10-19 10:53:25,812 - safe_zone.database - INFO - Database timezone configured: UTC
2025-10-19 10:53:25,812 - safe_zone.database - INFO - Current database time (UTC): 2025-10-19 06:53:25.811053+00:00
2025-10-19 10:53:25,814 - safe_zone.database - INFO - Timezone-aware timestamp: 2025-10-19 06:53:25.812527+00:00
2025-10-19 10:53:25,815 - safe_zone.database - INFO - Timezone conversion test passed: False
2025-10-19 10:53:25,816 - safe_zone - INFO - Database connection established
2025-10-19 10:56:42,900 - safe_zone.database - INFO - Database connection pool closed
2025-10-19 10:56:42,901 - safe_zone - INFO - Database connection closed
2025-10-19 10:56:42,902 - safe_zone - INFO - Safe Zone API Server stopped
2025-10-19 10:56:43,652 - safe_zone - INFO - Logging setup completed
2025-10-19 10:56:43,905 - safe_zone - INFO - Logging setup completed
2025-10-19 10:56:43,973 - safe_zone - INFO - Starting Safe Zone API Server
2025-10-19 10:56:43,973 - safe_zone.database - INFO - Attempting to connect to: 127.0.0.1:5433/safe_zone
2025-10-19 10:56:44,013 - safe_zone.database - INFO - Database connection pool created successfully
2025-10-19 10:56:44,017 - safe_zone.database - INFO - Database timezone configured: UTC
2025-10-19 10:56:44,017 - safe_zone.database - INFO - Current database time (UTC): 2025-10-19 06:56:44.015244+00:00
2025-10-19 10:56:44,018 - safe_zone.database - INFO - Timezone-aware timestamp: 2025-10-19 06:56:44.017792+00:00
2025-10-19 10:56:44,020 - safe_zone.database - INFO - Timezone conversion test passed: False
2025-10-19 10:56:44,022 - safe_zone - INFO - Database connection established
2025-10-19 11:05:11,386 - safe_zone.database - INFO - Database connection pool closed
2025-10-19 11:05:11,386 - safe_zone - INFO - Database connection closed
2025-10-19 11:05:11,386 - safe_zone - INFO - Safe Zone API Server stopped
2025-10-19 11:05:12,083 - safe_zone - INFO - Logging setup completed
2025-10-19 11:05:12,341 - safe_zone - INFO - Logging setup completed
2025-10-19 11:05:12,404 - safe_zone - INFO - Starting Safe Zone API Server
2025-10-19 11:05:12,404 - safe_zone.database - INFO - Attempting to connect to: 127.0.0.1:5433/safe_zone
2025-10-19 11:05:12,443 - safe_zone.database - INFO - Database connection pool created successfully
2025-10-19 11:05:12,446 - safe_zone.database - INFO - Database timezone configured: UTC
2025-10-19 11:05:12,446 - safe_zone.database - INFO - Current database time (UTC): 2025-10-19 07:05:12.445620+00:00
2025-10-19 11:05:12,447 - safe_zone.database - INFO - Timezone-aware timestamp: 2025-10-19 07:05:12.446814+00:00
2025-10-19 11:05:12,449 - safe_zone.database - INFO - Timezone conversion test passed: False
2025-10-19 11:05:12,450 - safe_zone - INFO - Database connection established
2025-10-19 11:05:39,524 - safe_zone.database - INFO - Database connection pool closed
2025-10-19 11:05:39,525 - safe_zone - INFO - Database connection closed
2025-10-19 11:05:39,525 - safe_zone - INFO - Safe Zone API Server stopped
2025-10-19 11:05:40,198 - safe_zone - INFO - Logging setup completed
2025-10-19 11:05:40,458 - safe_zone - INFO - Logging setup completed
2025-10-19 11:05:40,520 - safe_zone - INFO - Starting Safe Zone API Server
2025-10-19 11:05:40,520 - safe_zone.database - INFO - Attempting to connect to: 127.0.0.1:5433/safe_zone
2025-10-19 11:05:40,558 - safe_zone.database - INFO - Database connection pool created successfully
2025-10-19 11:05:40,560 - safe_zone.database - INFO - Database timezone configured: UTC
2025-10-19 11:05:40,561 - safe_zone.database - INFO - Current database time (UTC): 2025-10-19 07:05:40.559850+00:00
2025-10-19 11:05:40,562 - safe_zone.database - INFO - Timezone-aware timestamp: 2025-10-19 07:05:40.561634+00:00
2025-10-19 11:05:40,564 - safe_zone.database - INFO - Timezone conversion test passed: False
2025-10-19 11:05:40,564 - safe_zone - INFO - Database connection established
2025-10-19 11:13:59,095 - safe_zone.database - INFO - Database connection pool closed
2025-10-19 11:13:59,095 - safe_zone - INFO - Database connection closed
2025-10-19 11:13:59,096 - safe_zone - INFO - Safe Zone API Server stopped
2025-10-19 11:13:59,825 - safe_zone - INFO - Logging setup completed
2025-10-19 11:14:00,109 - safe_zone - INFO - Logging setup completed
2025-10-19 11:14:00,178 - safe_zone - INFO - Starting Safe Zone API Server
2025-10-19 11:14:00,178 - safe_zone.database - INFO - Attempting to connect to: 127.0.0.1:5433/safe_zone
2025-10-19 11:14:00,220 - safe_zone.database - INFO - Database connection pool created successfully
2025-10-19 11:14:00,223 - safe_zone.database - INFO - Database timezone configured: UTC
2025-10-19 11:14:00,223 - safe_zone.database - INFO - Current database time (UTC): 2025-10-19 07:14:00.222319+00:00
2025-10-19 11:14:00,225 - safe_zone.database - INFO - Timezone-aware timestamp: 2025-10-19 07:14:00.224246+00:00
2025-10-19 11:14:00,227 - safe_zone.database - INFO - Timezone conversion test passed: False
2025-10-19 11:14:00,228 - safe_zone - INFO - Database connection established
2025-10-19 11:14:17,305 - safe_zone.database - INFO - Database connection pool closed
2025-10-19 11:14:17,306 - safe_zone - INFO - Database connection closed
2025-10-19 11:14:17,306 - safe_zone - INFO - Safe Zone API Server stopped
2025-10-19 11:14:18,023 - safe_zone - INFO - Logging setup completed
2025-10-19 11:14:18,304 - safe_zone - INFO - Logging setup completed
2025-10-19 11:14:18,370 - safe_zone - INFO - Starting Safe Zone API Server
2025-10-19 11:14:18,371 - safe_zone.database - INFO - Attempting to connect to: 127.0.0.1:5433/safe_zone
2025-10-19 11:14:18,414 - safe_zone.database - INFO - Database connection pool created successfully
2025-10-19 11:14:18,416 - safe_zone.database - INFO - Database timezone configured: UTC
2025-10-19 11:14:18,416 - safe_zone.database - INFO - Current database time (UTC): 2025-10-19 07:14:18.415845+00:00
2025-10-19 11:14:18,418 - safe_zone.database - INFO - Timezone-aware timestamp: 2025-10-19 07:14:18.417174+00:00
2025-10-19 11:14:18,419 - safe_zone.database - INFO - Timezone conversion test passed: False
2025-10-19 11:14:18,420 - safe_zone - INFO - Database connection established
2025-10-19 11:18:57,120 - safe_zone.database - INFO - Database connection pool closed
2025-10-19 11:18:57,121 - safe_zone - INFO - Database connection closed
2025-10-19 11:18:57,121 - safe_zone - INFO - Safe Zone API Server stopped
2025-10-19 11:18:57,811 - safe_zone - INFO - Logging setup completed
2025-10-19 11:18:58,072 - safe_zone - INFO - Logging setup completed
2025-10-19 11:18:58,136 - safe_zone - INFO - Starting Safe Zone API Server
2025-10-19 11:18:58,137 - safe_zone.database - INFO - Attempting to connect to: 127.0.0.1:5433/safe_zone
2025-10-19 11:18:58,177 - safe_zone.database - INFO - Database connection pool created successfully
2025-10-19 11:18:58,180 - safe_zone.database - INFO - Database timezone configured: UTC
2025-10-19 11:18:58,180 - safe_zone.database - INFO - Current database time (UTC): 2025-10-19 07:18:58.179381+00:00
2025-10-19 11:18:58,181 - safe_zone.database - INFO - Timezone-aware timestamp: 2025-10-19 07:18:58.180836+00:00
2025-10-19 11:18:58,183 - safe_zone.database - INFO - Timezone conversion test passed: False
2025-10-19 11:18:58,184 - safe_zone - INFO - Database connection established
2025-10-19 11:19:23,008 - safe_zone.database - INFO - Database connection pool closed
2025-10-19 11:19:23,008 - safe_zone - INFO - Database connection closed
2025-10-19 11:19:23,008 - safe_zone - INFO - Safe Zone API Server stopped
2025-10-19 11:19:23,661 - safe_zone - INFO - Logging setup completed
2025-10-19 11:19:23,920 - safe_zone - INFO - Logging setup completed
2025-10-19 11:19:23,985 - safe_zone - INFO - Starting Safe Zone API Server
2025-10-19 11:19:23,985 - safe_zone.database - INFO - Attempting to connect to: 127.0.0.1:5433/safe_zone
2025-10-19 11:19:24,022 - safe_zone.database - INFO - Database connection pool created successfully
2025-10-19 11:19:24,024 - safe_zone.database - INFO - Database timezone configured: UTC
2025-10-19 11:19:24,024 - safe_zone.database - INFO - Current database time (UTC): 2025-10-19 07:19:24.023794+00:00
2025-10-19 11:19:24,025 - safe_zone.database - INFO - Timezone-aware timestamp: 2025-10-19 07:19:24.025072+00:00
2025-10-19 11:19:24,027 - safe_zone.database - INFO - Timezone conversion test passed: False
2025-10-19 11:19:24,028 - safe_zone - INFO - Database connection established
2025-10-19 11:19:56,531 - safe_zone.database - INFO - Database connection pool closed
2025-10-19 11:19:56,531 - safe_zone - INFO - Database connection closed
2025-10-19 11:19:56,531 - safe_zone - INFO - Safe Zone API Server stopped
2025-10-19 11:19:57,175 - safe_zone - INFO - Logging setup completed
2025-10-19 11:19:57,430 - safe_zone - INFO - Logging setup completed
2025-10-19 11:19:57,491 - safe_zone - INFO - Starting Safe Zone API Server
2025-10-19 11:19:57,491 - safe_zone.database - INFO - Attempting to connect to: 127.0.0.1:5433/safe_zone
2025-10-19 11:19:57,530 - safe_zone.database - INFO - Database connection pool created successfully
2025-10-19 11:19:57,533 - safe_zone.database - INFO - Database timezone configured: UTC
2025-10-19 11:19:57,533 - safe_zone.database - INFO - Current database time (UTC): 2025-10-19 07:19:57.532291+00:00
2025-10-19 11:19:57,535 - safe_zone.database - INFO - Timezone-aware timestamp: 2025-10-19 07:19:57.533554+00:00
2025-10-19 11:19:57,536 - safe_zone.database - INFO - Timezone conversion test passed: False
2025-10-19 11:19:57,537 - safe_zone - INFO - Database connection established
2025-10-19 11:20:40,428 - safe_zone.database - INFO - Database connection pool closed
2025-10-19 11:20:40,429 - safe_zone - INFO - Database connection closed
2025-10-19 11:20:40,430 - safe_zone - INFO - Safe Zone API Server stopped
2025-10-19 11:20:41,126 - safe_zone - INFO - Logging setup completed
2025-10-19 11:20:41,414 - safe_zone - INFO - Logging setup completed
2025-10-19 11:20:41,480 - safe_zone - INFO - Starting Safe Zone API Server
2025-10-19 11:20:41,480 - safe_zone.database - INFO - Attempting to connect to: 127.0.0.1:5433/safe_zone
2025-10-19 11:20:41,520 - safe_zone.database - INFO - Database connection pool created successfully
2025-10-19 11:20:41,522 - safe_zone.database - INFO - Database timezone configured: UTC
2025-10-19 11:20:41,523 - safe_zone.database - INFO - Current database time (UTC): 2025-10-19 07:20:41.522262+00:00
2025-10-19 11:20:41,523 - safe_zone.database - INFO - Timezone-aware timestamp: 2025-10-19 07:20:41.523273+00:00
2025-10-19 11:20:41,525 - safe_zone.database - INFO - Timezone conversion test passed: False
2025-10-19 11:20:41,526 - safe_zone - INFO - Database connection established
2025-10-19 11:54:20,602 - safe_zone.database - INFO - Database connection pool closed
2025-10-19 11:54:20,603 - safe_zone - INFO - Database connection closed
2025-10-19 11:54:20,603 - safe_zone - INFO - Safe Zone API Server stopped
2025-10-19 11:54:21,429 - safe_zone - INFO - Logging setup completed
2025-10-19 11:54:21,738 - safe_zone - INFO - Logging setup completed
2025-10-19 11:54:21,818 - safe_zone - INFO - Starting Safe Zone API Server
2025-10-19 11:54:21,818 - safe_zone.database - INFO - Attempting to connect to: 127.0.0.1:5433/safe_zone
2025-10-19 11:54:21,897 - safe_zone.database - INFO - Database connection pool created successfully
2025-10-19 11:54:21,900 - safe_zone.database - INFO - Database timezone configured: UTC
2025-10-19 11:54:21,900 - safe_zone.database - INFO - Current database time (UTC): 2025-10-19 07:54:21.899275+00:00
2025-10-19 11:54:21,902 - safe_zone.database - INFO - Timezone-aware timestamp: 2025-10-19 07:54:21.901183+00:00
2025-10-19 11:54:21,903 - safe_zone.database - INFO - Timezone conversion test passed: False
2025-10-19 11:54:21,905 - safe_zone - INFO - Database connection established
2025-10-19 11:54:40,975 - safe_zone.database - INFO - Database connection pool closed
2025-10-19 11:54:40,976 - safe_zone - INFO - Database connection closed
2025-10-19 11:54:40,976 - safe_zone - INFO - Safe Zone API Server stopped
2025-10-19 11:54:41,753 - safe_zone - INFO - Logging setup completed
2025-10-19 11:54:42,040 - safe_zone - INFO - Logging setup completed
2025-10-19 11:54:42,109 - safe_zone - INFO - Starting Safe Zone API Server
2025-10-19 11:54:42,110 - safe_zone.database - INFO - Attempting to connect to: 127.0.0.1:5433/safe_zone
2025-10-19 11:54:42,152 - safe_zone.database - INFO - Database connection pool created successfully
2025-10-19 11:54:42,154 - safe_zone.database - INFO - Database timezone configured: UTC
2025-10-19 11:54:42,155 - safe_zone.database - INFO - Current database time (UTC): 2025-10-19 07:54:42.153820+00:00
2025-10-19 11:54:42,156 - safe_zone.database - INFO - Timezone-aware timestamp: 2025-10-19 07:54:42.155353+00:00
2025-10-19 11:54:42,158 - safe_zone.database - INFO - Timezone conversion test passed: False
2025-10-19 11:54:42,159 - safe_zone - INFO - Database connection established
2025-10-19 12:04:07,748 - safe_zone.database - INFO - Database connection pool closed
2025-10-19 12:04:07,748 - safe_zone - INFO - Database connection closed
2025-10-19 12:04:07,749 - safe_zone - INFO - Safe Zone API Server stopped
2025-10-19 12:04:08,519 - safe_zone - INFO - Logging setup completed
2025-10-19 12:06:38,471 - safe_zone - INFO - Logging setup completed
2025-10-19 12:07:35,341 - safe_zone - INFO - Logging setup completed
2025-10-19 12:08:02,846 - safe_zone - INFO - Logging setup completed
2025-10-19 12:08:37,743 - safe_zone - INFO - Logging setup completed
2025-10-19 12:10:33,018 - safe_zone - INFO - Logging setup completed
2025-10-19 12:10:51,108 - safe_zone - INFO - Logging setup completed
2025-10-19 12:10:51,432 - safe_zone - INFO - Logging setup completed
2025-10-19 12:10:51,502 - safe_zone - INFO - Starting Safe Zone API Server
2025-10-19 12:10:51,502 - safe_zone.database - INFO - Attempting to connect to: 127.0.0.1:5433/safe_zone
2025-10-19 12:10:51,546 - safe_zone.database - INFO - Database connection pool created successfully
2025-10-19 12:10:51,549 - safe_zone.database - INFO - Database timezone configured: UTC
2025-10-19 12:10:51,549 - safe_zone.database - INFO - Current database time (UTC): 2025-10-19 08:10:51.548706+00:00
2025-10-19 12:10:51,551 - safe_zone.database - INFO - Timezone-aware timestamp: 2025-10-19 08:10:51.550274+00:00
2025-10-19 12:10:51,553 - safe_zone.database - INFO - Timezone conversion test passed: False
2025-10-19 12:10:51,554 - safe_zone - INFO - Database connection established
2025-10-19 12:11:07,653 - safe_zone.database - INFO - Database connection pool closed
2025-10-19 12:11:07,653 - safe_zone - INFO - Database connection closed
2025-10-19 12:11:07,653 - safe_zone - INFO - Safe Zone API Server stopped
2025-10-19 12:11:08,438 - safe_zone - INFO - Logging setup completed
2025-10-19 12:11:08,726 - safe_zone - INFO - Logging setup completed
2025-10-19 12:11:08,795 - safe_zone - INFO - Starting Safe Zone API Server
2025-10-19 12:11:08,795 - safe_zone.database - INFO - Attempting to connect to: 127.0.0.1:5433/safe_zone
2025-10-19 12:11:08,842 - safe_zone.database - INFO - Database connection pool created successfully
2025-10-19 12:11:08,844 - safe_zone.database - INFO - Database timezone configured: UTC
2025-10-19 12:11:08,844 - safe_zone.database - INFO - Current database time (UTC): 2025-10-19 08:11:08.843906+00:00
2025-10-19 12:11:08,846 - safe_zone.database - INFO - Timezone-aware timestamp: 2025-10-19 08:11:08.845231+00:00
2025-10-19 12:11:08,848 - safe_zone.database - INFO - Timezone conversion test passed: False
2025-10-19 12:11:08,848 - safe_zone - INFO - Database connection established
2025-10-19 12:11:51,748 - safe_zone.database - INFO - Database connection pool closed
2025-10-19 12:11:51,748 - safe_zone - INFO - Database connection closed
2025-10-19 12:11:51,748 - safe_zone - INFO - Safe Zone API Server stopped
2025-10-19 12:11:52,581 - safe_zone - INFO - Logging setup completed
2025-10-19 12:11:52,889 - safe_zone - INFO - Logging setup completed
2025-10-19 12:11:52,965 - safe_zone - INFO - Starting Safe Zone API Server
2025-10-19 12:11:52,965 - safe_zone.database - INFO - Attempting to connect to: 127.0.0.1:5433/safe_zone
2025-10-19 12:11:53,009 - safe_zone.database - INFO - Database connection pool created successfully
2025-10-19 12:11:53,012 - safe_zone.database - INFO - Database timezone configured: UTC
2025-10-19 12:11:53,013 - safe_zone.database - INFO - Current database time (UTC): 2025-10-19 08:11:53.010874+00:00
2025-10-19 12:11:53,014 - safe_zone.database - INFO - Timezone-aware timestamp: 2025-10-19 08:11:53.013477+00:00
2025-10-19 12:11:53,015 - safe_zone.database - INFO - Timezone conversion test passed: False
2025-10-19 12:11:53,016 - safe_zone - INFO - Database connection established
2025-10-19 12:12:31,768 - safe_zone.health - INFO - Health check - Database connected
2025-10-19 12:15:15,981 - safe_zone.database - INFO - Database connection pool closed
2025-10-19 12:15:15,982 - safe_zone - INFO - Database connection closed
2025-10-19 12:15:15,982 - safe_zone - INFO - Safe Zone API Server stopped
2025-10-19 12:15:16,796 - safe_zone - INFO - Logging setup completed
2025-10-19 12:15:17,151 - safe_zone - INFO - Logging setup completed
2025-10-19 12:15:17,236 - safe_zone - INFO - Starting Safe Zone API Server
2025-10-19 12:15:17,237 - safe_zone.database - INFO - Attempting to connect to: 127.0.0.1:5433/safe_zone
2025-10-19 12:15:17,318 - safe_zone.database - INFO - Database connection pool created successfully
2025-10-19 12:15:17,323 - safe_zone.database - INFO - Database timezone configured: UTC
2025-10-19 12:15:17,324 - safe_zone.database - INFO - Current database time (UTC): 2025-10-19 08:15:17.322015+00:00
2025-10-19 12:15:17,326 - safe_zone.database - INFO - Timezone-aware timestamp: 2025-10-19 08:15:17.325004+00:00
2025-10-19 12:15:17,328 - safe_zone.database - INFO - Timezone conversion test passed: False
2025-10-19 12:15:17,330 - safe_zone - INFO - Database connection established
2025-10-19 12:16:17,082 - safe_zone.database - INFO - Database connection pool closed
2025-10-19 12:16:17,083 - safe_zone - INFO - Database connection closed
2025-10-19 12:16:17,083 - safe_zone - INFO - Safe Zone API Server stopped
2025-10-19 12:16:17,858 - safe_zone - INFO - Logging setup completed
2025-10-19 12:16:18,136 - safe_zone - INFO - Logging setup completed
2025-10-19 12:16:18,204 - safe_zone - INFO - Starting Safe Zone API Server
2025-10-19 12:16:18,205 - safe_zone.database - INFO - Attempting to connect to: 127.0.0.1:5433/safe_zone
2025-10-19 12:16:18,255 - safe_zone.database - INFO - Database connection pool created successfully
2025-10-19 12:16:18,258 - safe_zone.database - INFO - Database timezone configured: UTC
2025-10-19 12:16:18,258 - safe_zone.database - INFO - Current database time (UTC): 2025-10-19 08:16:18.257353+00:00
2025-10-19 12:16:18,259 - safe_zone.database - INFO - Timezone-aware timestamp: 2025-10-19 08:16:18.258928+00:00
2025-10-19 12:16:18,261 - safe_zone.database - INFO - Timezone conversion test passed: False
2025-10-19 12:16:18,262 - safe_zone - INFO - Database connection established
2025-10-19 12:16:39,104 - safe_zone.database - INFO - Database connection pool closed
2025-10-19 12:16:39,104 - safe_zone - INFO - Database connection closed
2025-10-19 12:16:39,105 - safe_zone - INFO - Safe Zone API Server stopped
2025-10-19 12:16:39,819 - safe_zone - INFO - Logging setup completed
2025-10-19 12:16:40,092 - safe_zone - INFO - Logging setup completed
2025-10-19 12:16:40,157 - safe_zone - INFO - Starting Safe Zone API Server
2025-10-19 12:16:40,158 - safe_zone.database - INFO - Attempting to connect to: 127.0.0.1:5433/safe_zone
2025-10-19 12:16:40,207 - safe_zone.database - INFO - Database connection pool created successfully
2025-10-19 12:16:40,210 - safe_zone.database - INFO - Database timezone configured: UTC
2025-10-19 12:16:40,210 - safe_zone.database - INFO - Current database time (UTC): 2025-10-19 08:16:40.209256+00:00
2025-10-19 12:16:40,212 - safe_zone.database - INFO - Timezone-aware timestamp: 2025-10-19 08:16:40.211014+00:00
2025-10-19 12:16:40,213 - safe_zone.database - INFO - Timezone conversion test passed: False
2025-10-19 12:16:40,214 - safe_zone - INFO - Database connection established
2025-10-19 12:17:28,967 - safe_zone.database - INFO - Database connection pool closed
2025-10-19 12:17:28,968 - safe_zone - INFO - Database connection closed
2025-10-19 12:17:28,968 - safe_zone - INFO - Safe Zone API Server stopped
2025-10-19 12:17:29,745 - safe_zone - INFO - Logging setup completed
2025-10-19 12:17:30,032 - safe_zone - INFO - Logging setup completed
2025-10-19 12:17:30,110 - safe_zone - INFO - Starting Safe Zone API Server
2025-10-19 12:17:30,111 - safe_zone.database - INFO - Attempting to connect to: 127.0.0.1:5433/safe_zone
2025-10-19 12:17:30,156 - safe_zone.database - INFO - Database connection pool created successfully
2025-10-19 12:17:30,159 - safe_zone.database - INFO - Database timezone configured: UTC
2025-10-19 12:17:30,159 - safe_zone.database - INFO - Current database time (UTC): 2025-10-19 08:17:30.158721+00:00
2025-10-19 12:17:30,160 - safe_zone.database - INFO - Timezone-aware timestamp: 2025-10-19 08:17:30.159868+00:00
2025-10-19 12:17:30,161 - safe_zone.database - INFO - Timezone conversion test passed: False
2025-10-19 12:17:30,162 - safe_zone - INFO - Database connection established
2025-10-19 12:17:47,639 - safe_zone.database - INFO - Database connection pool closed
2025-10-19 12:17:47,640 - safe_zone - INFO - Database connection closed
2025-10-19 12:17:47,641 - safe_zone - INFO - Safe Zone API Server stopped
2025-10-19 12:17:48,378 - safe_zone - INFO - Logging setup completed
2025-10-19 12:17:48,663 - safe_zone - INFO - Logging setup completed
2025-10-19 12:17:48,733 - safe_zone - INFO - Starting Safe Zone API Server
2025-10-19 12:17:48,733 - safe_zone.database - INFO - Attempting to connect to: 127.0.0.1:5433/safe_zone
2025-10-19 12:17:48,777 - safe_zone.database - INFO - Database connection pool created successfully
2025-10-19 12:17:48,779 - safe_zone.database - INFO - Database timezone configured: UTC
2025-10-19 12:17:48,779 - safe_zone.database - INFO - Current database time (UTC): 2025-10-19 08:17:48.778861+00:00
2025-10-19 12:17:48,780 - safe_zone.database - INFO - Timezone-aware timestamp: 2025-10-19 08:17:48.780053+00:00
2025-10-19 12:17:48,782 - safe_zone.database - INFO - Timezone conversion test passed: False
2025-10-19 12:17:48,783 - safe_zone - INFO - Database connection established
2025-10-19 12:18:18,755 - safe_zone.database - INFO - Database connection pool closed
2025-10-19 12:18:18,755 - safe_zone - INFO - Database connection closed
2025-10-19 12:18:18,755 - safe_zone - INFO - Safe Zone API Server stopped
2025-10-19 12:18:19,461 - safe_zone - INFO - Logging setup completed
2025-10-19 12:18:19,728 - safe_zone - INFO - Logging setup completed
2025-10-19 12:18:19,792 - safe_zone - INFO - Starting Safe Zone API Server
2025-10-19 12:18:19,793 - safe_zone.database - INFO - Attempting to connect to: 127.0.0.1:5433/safe_zone
2025-10-19 12:18:19,833 - safe_zone.database - INFO - Database connection pool created successfully
2025-10-19 12:18:19,835 - safe_zone.database - INFO - Database timezone configured: UTC
2025-10-19 12:18:19,835 - safe_zone.database - INFO - Current database time (UTC): 2025-10-19 08:18:19.835022+00:00
2025-10-19 12:18:19,837 - safe_zone.database - INFO - Timezone-aware timestamp: 2025-10-19 08:18:19.836317+00:00
2025-10-19 12:18:19,839 - safe_zone.database - INFO - Timezone conversion test passed: False
2025-10-19 12:18:19,839 - safe_zone - INFO - Database connection established
2025-10-19 12:18:19,895 - safe_zone.health - INFO - Health check - Database connected
2025-10-19 12:20:23,413 - safe_zone.database - INFO - Database connection pool closed
2025-10-19 12:20:23,414 - safe_zone - INFO - Database connection closed
2025-10-19 12:20:23,414 - safe_zone - INFO - Safe Zone API Server stopped
2025-10-19 12:20:24,203 - safe_zone - INFO - Logging setup completed
2025-10-19 12:20:24,512 - safe_zone - INFO - Logging setup completed
2025-10-19 12:20:24,587 - safe_zone - INFO - Starting Safe Zone API Server
2025-10-19 12:20:24,587 - safe_zone.database - INFO - Attempting to connect to: 127.0.0.1:5433/safe_zone
2025-10-19 12:20:24,632 - safe_zone.database - INFO - Database connection pool created successfully
2025-10-19 12:20:24,635 - safe_zone.database - INFO - Database timezone configured: UTC
2025-10-19 12:20:24,635 - safe_zone.database - INFO - Current database time (UTC): 2025-10-19 08:20:24.634079+00:00
2025-10-19 12:20:24,636 - safe_zone.database - INFO - Timezone-aware timestamp: 2025-10-19 08:20:24.635545+00:00
2025-10-19 12:20:24,638 - safe_zone.database - INFO - Timezone conversion test passed: False
2025-10-19 12:20:24,639 - safe_zone - INFO - Database connection established
2025-10-19 12:20:38,209 - safe_zone.database - INFO - Database connection pool closed
2025-10-19 12:20:38,210 - safe_zone - INFO - Database connection closed
2025-10-19 12:20:38,210 - safe_zone - INFO - Safe Zone API Server stopped
2025-10-19 12:20:39,345 - safe_zone - INFO - Logging setup completed
2025-10-19 12:20:39,659 - safe_zone - INFO - Logging setup completed
2025-10-19 12:20:39,736 - safe_zone - INFO - Starting Safe Zone API Server
2025-10-19 12:20:39,736 - safe_zone.database - INFO - Attempting to connect to: 127.0.0.1:5433/safe_zone
2025-10-19 12:20:39,785 - safe_zone.database - INFO - Database connection pool created successfully
2025-10-19 12:20:39,788 - safe_zone.database - INFO - Database timezone configured: UTC
2025-10-19 12:20:39,788 - safe_zone.database - INFO - Current database time (UTC): 2025-10-19 08:20:39.787662+00:00
2025-10-19 12:20:39,791 - safe_zone.database - INFO - Timezone-aware timestamp: 2025-10-19 08:20:39.789397+00:00
2025-10-19 12:20:39,792 - safe_zone.database - INFO - Timezone conversion test passed: False
2025-10-19 12:20:39,793 - safe_zone - INFO - Database connection established
2025-10-19 12:37:56,943 - safe_zone.database - INFO - Database connection pool closed
2025-10-19 12:37:56,943 - safe_zone - INFO - Database connection closed
2025-10-19 12:37:56,944 - safe_zone - INFO - Safe Zone API Server stopped
2025-10-19 12:37:57,711 - safe_zone - INFO - Logging setup completed
2025-10-19 12:37:57,995 - safe_zone - INFO - Logging setup completed
2025-10-19 12:37:58,066 - safe_zone - INFO - Starting Safe Zone API Server
2025-10-19 12:37:58,066 - safe_zone.database - INFO - Attempting to connect to: 127.0.0.1:5433/safe_zone
2025-10-19 12:37:58,109 - safe_zone.database - INFO - Database connection pool created successfully
2025-10-19 12:37:58,112 - safe_zone.database - INFO - Database timezone configured: UTC
2025-10-19 12:37:58,112 - safe_zone.database - INFO - Current database time (UTC): 2025-10-19 08:37:58.111273+00:00
2025-10-19 12:37:58,114 - safe_zone.database - INFO - Timezone-aware timestamp: 2025-10-19 08:37:58.112899+00:00
2025-10-19 12:37:58,115 - safe_zone.database - INFO - Timezone conversion test passed: False
2025-10-19 12:37:58,116 - safe_zone - INFO - Database connection established
2025-10-19 12:40:11,573 - safe_zone.database - INFO - Database connection pool closed
2025-10-19 12:40:11,573 - safe_zone - INFO - Database connection closed
2025-10-19 12:40:11,574 - safe_zone - INFO - Safe Zone API Server stopped
2025-10-19 12:40:12,354 - safe_zone - INFO - Logging setup completed
2025-10-19 12:40:12,648 - safe_zone - INFO - Logging setup completed
2025-10-19 12:40:12,716 - safe_zone - INFO - Starting Safe Zone API Server
2025-10-19 12:40:12,716 - safe_zone.database - INFO - Attempting to connect to: 127.0.0.1:5433/safe_zone
2025-10-19 12:40:12,758 - safe_zone.database - INFO - Database connection pool created successfully
2025-10-19 12:40:12,761 - safe_zone.database - INFO - Database timezone configured: UTC
2025-10-19 12:40:12,762 - safe_zone.database - INFO - Current database time (UTC): 2025-10-19 08:40:12.760699+00:00
2025-10-19 12:40:12,763 - safe_zone.database - INFO - Timezone-aware timestamp: 2025-10-19 08:40:12.762338+00:00
2025-10-19 12:40:12,765 - safe_zone.database - INFO - Timezone conversion test passed: False
2025-10-19 12:40:12,766 - safe_zone - INFO - Database connection established
2025-10-19 12:40:31,673 - safe_zone.database - INFO - Database connection pool closed
2025-10-19 12:40:31,674 - safe_zone - INFO - Database connection closed
2025-10-19 12:40:31,674 - safe_zone - INFO - Safe Zone API Server stopped
2025-10-19 12:40:32,433 - safe_zone - INFO - Logging setup completed
2025-10-19 12:40:32,716 - safe_zone - INFO - Logging setup completed
2025-10-19 12:40:32,785 - safe_zone - INFO - Starting Safe Zone API Server
2025-10-19 12:40:32,786 - safe_zone.database - INFO - Attempting to connect to: 127.0.0.1:5433/safe_zone
2025-10-19 12:40:32,837 - safe_zone.database - INFO - Database connection pool created successfully
2025-10-19 12:40:32,840 - safe_zone.database - INFO - Database timezone configured: UTC
2025-10-19 12:40:32,841 - safe_zone.database - INFO - Current database time (UTC): 2025-10-19 08:40:32.839394+00:00
2025-10-19 12:40:32,842 - safe_zone.database - INFO - Timezone-aware timestamp: 2025-10-19 08:40:32.841697+00:00
2025-10-19 12:40:32,843 - safe_zone.database - INFO - Timezone conversion test passed: False
2025-10-19 12:40:32,844 - safe_zone - INFO - Database connection established
2025-10-19 13:13:33,072 - safe_zone.database - INFO - Database connection pool closed
2025-10-19 13:13:33,075 - safe_zone - INFO - Database connection closed
2025-10-19 13:13:33,075 - safe_zone - INFO - Safe Zone API Server stopped
2025-10-19 13:13:34,101 - safe_zone - INFO - Logging setup completed
2025-10-19 13:13:34,409 - safe_zone - INFO - Logging setup completed
2025-10-19 13:16:13,762 - safe_zone - INFO - Logging setup completed
2025-10-19 13:16:14,142 - safe_zone - INFO - Logging setup completed
2025-10-19 13:16:14,260 - safe_zone - INFO - Starting Safe Zone API Server
2025-10-19 13:16:14,260 - safe_zone.database - INFO - Attempting to connect to: 127.0.0.1:5433/safe_zone
2025-10-19 13:16:14,318 - safe_zone.database - INFO - Database connection pool created successfully
2025-10-19 13:16:14,325 - safe_zone.database - INFO - Database timezone configured: UTC
2025-10-19 13:16:14,326 - safe_zone.database - INFO - Current database time (UTC): 2025-10-19 09:16:14.322908+00:00
2025-10-19 13:16:14,327 - safe_zone.database - INFO - Timezone-aware timestamp: 2025-10-19 09:16:14.326355+00:00
2025-10-19 13:16:14,330 - safe_zone.database - INFO - Timezone conversion test passed: False
2025-10-19 13:16:14,331 - safe_zone - INFO - Database connection established
2025-10-19 13:17:50,498 - safe_zone.database - INFO - Database connection pool closed
2025-10-19 13:17:50,500 - safe_zone - INFO - Database connection closed
2025-10-19 13:17:50,500 - safe_zone - INFO - Safe Zone API Server stopped
2025-10-19 13:17:51,292 - safe_zone - INFO - Logging setup completed
2025-10-19 13:17:51,602 - safe_zone - INFO - Logging setup completed
2025-10-19 13:17:51,707 - safe_zone - INFO - Starting Safe Zone API Server
2025-10-19 13:17:51,707 - safe_zone.database - INFO - Attempting to connect to: 127.0.0.1:5433/safe_zone
2025-10-19 13:17:51,757 - safe_zone.database - INFO - Database connection pool created successfully
2025-10-19 13:17:51,761 - safe_zone.database - INFO - Database timezone configured: UTC
2025-10-19 13:17:51,762 - safe_zone.database - INFO - Current database time (UTC): 2025-10-19 09:17:51.760311+00:00
2025-10-19 13:17:51,763 - safe_zone.database - INFO - Timezone-aware timestamp: 2025-10-19 09:17:51.762999+00:00
2025-10-19 13:17:51,765 - safe_zone.database - INFO - Timezone conversion test passed: False
2025-10-19 13:17:51,765 - safe_zone - INFO - Database connection established
2025-10-19 13:18:07,446 - safe_zone.database - INFO - Database connection pool closed
2025-10-19 13:18:07,447 - safe_zone - INFO - Database connection closed
2025-10-19 13:18:07,447 - safe_zone - INFO - Safe Zone API Server stopped
2025-10-19 13:18:07,742 - safe_zone - INFO - Logging setup completed
2025-10-19 13:18:08,222 - safe_zone - INFO - Logging setup completed
2025-10-19 13:18:08,536 - safe_zone - INFO - Logging setup completed
2025-10-19 13:18:08,832 - safe_zone - INFO - Logging setup completed
2025-10-19 13:18:08,933 - safe_zone - INFO - Starting Safe Zone API Server
2025-10-19 13:18:08,933 - safe_zone.database - INFO - Attempting to connect to: 127.0.0.1:5433/safe_zone
2025-10-19 13:18:08,983 - safe_zone.database - INFO - Database connection pool created successfully
2025-10-19 13:18:08,986 - safe_zone.database - INFO - Database timezone configured: UTC
2025-10-19 13:18:08,986 - safe_zone.database - INFO - Current database time (UTC): 2025-10-19 09:18:08.985306+00:00
2025-10-19 13:18:08,988 - safe_zone.database - INFO - Timezone-aware timestamp: 2025-10-19 09:18:08.986998+00:00
2025-10-19 13:18:08,989 - safe_zone.database - INFO - Timezone conversion test passed: False
2025-10-19 13:18:08,990 - safe_zone - INFO - Database connection established
2025-10-19 13:18:49,044 - safe_zone.database - INFO - Database connection pool closed
2025-10-19 13:18:49,045 - safe_zone - INFO - Database connection closed
2025-10-19 13:18:49,045 - safe_zone - INFO - Safe Zone API Server stopped
2025-10-19 13:18:49,986 - safe_zone - INFO - Logging setup completed
2025-10-19 13:18:50,353 - safe_zone - INFO - Logging setup completed
2025-10-19 13:18:50,486 - safe_zone - INFO - Starting Safe Zone API Server
2025-10-19 13:18:50,486 - safe_zone.database - INFO - Attempting to connect to: 127.0.0.1:5433/safe_zone
2025-10-19 13:18:50,542 - safe_zone.database - INFO - Database connection pool created successfully
2025-10-19 13:18:50,547 - safe_zone.database - INFO - Database timezone configured: UTC
2025-10-19 13:18:50,547 - safe_zone.database - INFO - Current database time (UTC): 2025-10-19 09:18:50.546015+00:00
2025-10-19 13:18:50,548 - safe_zone.database - INFO - Timezone-aware timestamp: 2025-10-19 09:18:50.547616+00:00
2025-10-19 13:18:50,550 - safe_zone.database - INFO - Timezone conversion test passed: False
2025-10-19 13:18:50,551 - safe_zone - INFO - Database connection established
2025-10-19 13:19:06,570 - safe_zone - INFO - Logging setup completed
2025-10-19 13:19:06,899 - safe_zone - INFO - Logging setup completed
2025-10-19 13:19:38,519 - safe_zone.database - INFO - Database connection pool closed
2025-10-19 13:19:38,520 - safe_zone - INFO - Database connection closed
2025-10-19 13:19:38,520 - safe_zone - INFO - Safe Zone API Server stopped
2025-10-19 13:19:39,328 - safe_zone - INFO - Logging setup completed
2025-10-19 13:19:39,623 - safe_zone - INFO - Logging setup completed
2025-10-19 13:19:39,737 - safe_zone - INFO - Starting Safe Zone API Server
2025-10-19 13:19:39,737 - safe_zone.database - INFO - Attempting to connect to: 127.0.0.1:5433/safe_zone
2025-10-19 13:19:39,791 - safe_zone.database - INFO - Database connection pool created successfully
2025-10-19 13:19:39,795 - safe_zone.database - INFO - Database timezone configured: UTC
2025-10-19 13:19:39,795 - safe_zone.database - INFO - Current database time (UTC): 2025-10-19 09:19:39.793829+00:00
2025-10-19 13:19:39,796 - safe_zone.database - INFO - Timezone-aware timestamp: 2025-10-19 09:19:39.796222+00:00
2025-10-19 13:19:39,798 - safe_zone.database - INFO - Timezone conversion test passed: False
2025-10-19 13:19:39,799 - safe_zone - INFO - Database connection established
2025-10-19 13:19:39,814 - safe_zone.file_upload - INFO - Generated upload URL for user d31ce60e-e013-44a9-97e3-dda4ee30d6d2: 53fad855-4f3f-431b-9552-c3ad8458ecd6.mp3
2025-10-19 13:20:10,268 - safe_zone.file_upload - INFO - Generated upload URL for user d31ce60e-e013-44a9-97e3-dda4ee30d6d2: 087357f6-6d64-458e-9794-4b03d4347f4b.mp3
2025-10-19 13:24:47,320 - safe_zone.database - INFO - Database connection pool closed
2025-10-19 13:24:47,321 - safe_zone - INFO - Database connection closed
2025-10-19 13:24:47,321 - safe_zone - INFO - Safe Zone API Server stopped
2025-10-19 13:24:48,475 - safe_zone - INFO - Logging setup completed
2025-10-19 13:24:48,778 - safe_zone - INFO - Logging setup completed
2025-10-19 13:24:48,890 - safe_zone - INFO - Starting Safe Zone API Server
2025-10-19 13:24:48,890 - safe_zone.database - INFO - Attempting to connect to: 127.0.0.1:5433/safe_zone
2025-10-19 13:24:48,939 - safe_zone.database - INFO - Database connection pool created successfully
2025-10-19 13:24:48,943 - safe_zone.database - INFO - Database timezone configured: UTC
2025-10-19 13:24:48,943 - safe_zone.database - INFO - Current database time (UTC): 2025-10-19 09:24:48.941442+00:00
2025-10-19 13:24:48,944 - safe_zone.database - INFO - Timezone-aware timestamp: 2025-10-19 09:24:48.943737+00:00
2025-10-19 13:24:48,947 - safe_zone.database - INFO - Timezone conversion test passed: False
2025-10-19 13:24:48,948 - safe_zone - INFO - Database connection established
2025-10-19 13:25:25,187 - safe_zone.file_upload - INFO - Generated upload URL for user d31ce60e-e013-44a9-97e3-dda4ee30d6d2: 869c554b-1c83-4eaa-a9e7-d7b8446cba21.mp3
2025-10-19 13:28:09,943 - safe_zone - INFO - Logging setup completed
2025-10-19 13:28:10,245 - safe_zone - INFO - Logging setup completed
2025-10-19 13:28:14,760 - safe_zone.file_upload - INFO - Generated upload URL for user d31ce60e-e013-44a9-97e3-dda4ee30d6d2: a1441d32-df20-40e5-a297-9577c5c13580.mp3
2025-10-19 13:32:20,131 - safe_zone.database - INFO - Database connection pool closed
2025-10-19 13:32:20,131 - safe_zone - INFO - Database connection closed
2025-10-19 13:32:20,132 - safe_zone - INFO - Safe Zone API Server stopped
2025-10-19 13:32:20,939 - safe_zone - INFO - Logging setup completed
2025-10-19 13:32:21,264 - safe_zone - INFO - Logging setup completed
2025-10-19 13:32:21,367 - safe_zone - INFO - Starting Safe Zone API Server
2025-10-19 13:32:21,367 - safe_zone.database - INFO - Attempting to connect to: 127.0.0.1:5433/safe_zone
2025-10-19 13:32:21,411 - safe_zone.database - INFO - Database connection pool created successfully
2025-10-19 13:32:21,416 - safe_zone.database - INFO - Database timezone configured: UTC
2025-10-19 13:32:21,416 - safe_zone.database - INFO - Current database time (UTC): 2025-10-19 09:32:21.414453+00:00
2025-10-19 13:32:21,417 - safe_zone.database - INFO - Timezone-aware timestamp: 2025-10-19 09:32:21.416499+00:00
2025-10-19 13:32:21,418 - safe_zone.database - INFO - Timezone conversion test passed: False
2025-10-19 13:32:21,419 - safe_zone - INFO - Database connection established
2025-10-19 13:33:03,460 - safe_zone.file_upload - INFO - Generated upload URL for user d31ce60e-e013-44a9-97e3-dda4ee30d6d2: d961bee6-c878-4238-904f-a85ca2d9a5c4.mp3
2025-10-19 13:33:37,430 - safe_zone.database - INFO - Database connection pool closed
2025-10-19 13:33:37,430 - safe_zone - INFO - Database connection closed
2025-10-19 13:33:37,431 - safe_zone - INFO - Safe Zone API Server stopped
2025-10-19 13:33:38,236 - safe_zone - INFO - Logging setup completed
2025-10-19 13:33:38,537 - safe_zone - INFO - Logging setup completed
2025-10-19 13:33:38,649 - safe_zone - INFO - Starting Safe Zone API Server
2025-10-19 13:33:38,649 - safe_zone.database - INFO - Attempting to connect to: 127.0.0.1:5433/safe_zone
2025-10-19 13:33:38,705 - safe_zone.database - INFO - Database connection pool created successfully
2025-10-19 13:33:38,709 - safe_zone.database - INFO - Database timezone configured: UTC
2025-10-19 13:33:38,709 - safe_zone.database - INFO - Current database time (UTC): 2025-10-19 09:33:38.708207+00:00
2025-10-19 13:33:38,710 - safe_zone.database - INFO - Timezone-aware timestamp: 2025-10-19 09:33:38.710002+00:00
2025-10-19 13:33:38,713 - safe_zone.database - INFO - Timezone conversion test passed: False
2025-10-19 13:33:38,713 - safe_zone - INFO - Database connection established
2025-10-19 13:34:31,961 - safe_zone.file_upload - INFO - Generated upload URL for user d31ce60e-e013-44a9-97e3-dda4ee30d6d2: 9bb7f84a-c96f-403b-979a-c0942f754a53.mp3
2025-10-19 13:34:59,299 - safe_zone - INFO - Logging setup completed
2025-10-19 13:34:59,593 - safe_zone - INFO - Logging setup completed
2025-10-19 13:37:33,274 - safe_zone.database - INFO - Database connection pool closed
2025-10-19 13:37:33,274 - safe_zone - INFO - Database connection closed
2025-10-19 13:37:33,275 - safe_zone - INFO - Safe Zone API Server stopped
2025-10-19 13:37:33,986 - safe_zone - INFO - Logging setup completed
2025-10-19 13:37:34,269 - safe_zone - INFO - Logging setup completed
2025-10-19 13:37:34,362 - safe_zone - INFO - Starting Safe Zone API Server
2025-10-19 13:37:34,362 - safe_zone.database - INFO - Attempting to connect to: 127.0.0.1:5433/safe_zone
2025-10-19 13:37:34,401 - safe_zone.database - INFO - Database connection pool created successfully
2025-10-19 13:37:34,404 - safe_zone.database - INFO - Database timezone configured: UTC
2025-10-19 13:37:34,404 - safe_zone.database - INFO - Current database time (UTC): 2025-10-19 09:37:34.403649+00:00
2025-10-19 13:37:34,406 - safe_zone.database - INFO - Timezone-aware timestamp: 2025-10-19 09:37:34.405646+00:00
2025-10-19 13:37:34,407 - safe_zone.database - INFO - Timezone conversion test passed: False
2025-10-19 13:37:34,408 - safe_zone - INFO - Database connection established
2025-10-19 13:37:34,417 - safe_zone.file_upload - INFO - Generated upload URL for user d31ce60e-e013-44a9-97e3-dda4ee30d6d2: 31f7f274-85c6-4dbd-b7a3-9e2803c01d48.mp3
2025-10-19 13:38:44,848 - safe_zone.file_upload - INFO - Generated upload URL for user d31ce60e-e013-44a9-97e3-dda4ee30d6d2: 86f9a10a-c9ae-42a7-ba5e-7cd87b175a1d.mp3
2025-10-19 13:51:01,172 - safe_zone.database - INFO - Database connection pool closed
2025-10-19 13:51:01,172 - safe_zone - INFO - Database connection closed
2025-10-19 13:51:01,172 - safe_zone - INFO - Safe Zone API Server stopped
2025-10-19 13:51:01,916 - safe_zone - INFO - Logging setup completed
2025-10-19 13:51:02,216 - safe_zone - INFO - Logging setup completed
2025-10-19 13:51:02,311 - safe_zone - INFO - Starting Safe Zone API Server
2025-10-19 13:51:02,311 - safe_zone.database - INFO - Attempting to connect to: 127.0.0.1:5433/safe_zone
2025-10-19 13:51:02,351 - safe_zone.database - INFO - Database connection pool created successfully
2025-10-19 13:51:02,354 - safe_zone.database - INFO - Database timezone configured: UTC
2025-10-19 13:51:02,354 - safe_zone.database - INFO - Current database time (UTC): 2025-10-19 09:51:02.353332+00:00
2025-10-19 13:51:02,356 - safe_zone.database - INFO - Timezone-aware timestamp: 2025-10-19 09:51:02.355142+00:00
2025-10-19 13:51:02,358 - safe_zone.database - INFO - Timezone conversion test passed: False
2025-10-19 13:51:02,359 - safe_zone - INFO - Database connection established
2025-10-19 13:51:16,511 - safe_zone.database - INFO - Database connection pool closed
2025-10-19 13:51:16,511 - safe_zone - INFO - Database connection closed
2025-10-19 13:51:16,512 - safe_zone - INFO - Safe Zone API Server stopped
2025-10-19 13:51:17,310 - safe_zone - INFO - Logging setup completed
2025-10-19 14:29:14,601 - safe_zone - INFO - Logging setup completed
2025-10-19 14:29:14,962 - safe_zone - INFO - Logging setup completed
2025-10-19 14:29:15,074 - safe_zone - INFO - Starting Safe Zone API Server
2025-10-19 14:29:15,074 - safe_zone.database - INFO - Attempting to connect to: 127.0.0.1:5433/safe_zone
2025-10-19 14:29:15,130 - safe_zone.database - INFO - Database connection pool created successfully
2025-10-19 14:29:15,138 - safe_zone.database - INFO - Database timezone configured: UTC
2025-10-19 14:29:15,139 - safe_zone.database - INFO - Current database time (UTC): 2025-10-19 10:29:15.136517+00:00
2025-10-19 14:29:15,140 - safe_zone.database - INFO - Timezone-aware timestamp: 2025-10-19 10:29:15.139547+00:00
2025-10-19 14:29:15,142 - safe_zone.database - INFO - Timezone conversion test passed: False
2025-10-19 14:29:15,144 - safe_zone - INFO - Database connection established
2025-10-19 16:28:01,250 - safe_zone - INFO - Logging setup completed
2025-10-19 16:28:01,583 - safe_zone - INFO - Logging setup completed
2025-10-19 16:28:55,113 - safe_zone.database - INFO - Database connection pool closed
2025-10-19 16:28:55,114 - safe_zone - INFO - Database connection closed
2025-10-19 16:28:55,114 - safe_zone - INFO - Safe Zone API Server stopped
2025-10-19 16:28:55,905 - safe_zone - INFO - Logging setup completed
2025-10-19 16:29:19,386 - safe_zone - INFO - Logging setup completed
2025-10-19 16:34:29,341 - safe_zone - INFO - Logging setup completed
2025-10-19 16:35:01,963 - safe_zone - INFO - Logging setup completed
2025-10-19 16:35:40,605 - safe_zone - INFO - Logging setup completed
2025-10-19 16:39:10,645 - safe_zone - INFO - Logging setup completed
2025-10-19 16:39:10,965 - safe_zone - INFO - Logging setup completed
2025-10-19 16:39:11,085 - safe_zone - INFO - Starting Safe Zone API Server
2025-10-19 16:39:11,085 - safe_zone.database - INFO - Attempting to connect to: 127.0.0.1:5433/safe_zone
2025-10-19 16:39:11,137 - safe_zone.database - INFO - Database connection pool created successfully
2025-10-19 16:39:11,140 - safe_zone.database - INFO - Database timezone configured: UTC
2025-10-19 16:39:11,140 - safe_zone.database - INFO - Current database time (UTC): 2025-10-19 12:39:11.139636+00:00
2025-10-19 16:39:11,142 - safe_zone.database - INFO - Timezone-aware timestamp: 2025-10-19 12:39:11.141198+00:00
2025-10-19 16:39:11,144 - safe_zone.database - INFO - Timezone conversion test passed: False
2025-10-19 16:39:11,145 - safe_zone - INFO - Database connection established
2025-10-19 16:40:01,483 - safe_zone - INFO - Logging setup completed
2025-10-19 16:40:01,807 - safe_zone - INFO - Logging setup completed
2025-10-19 16:41:05,689 - safe_zone.database - INFO - Database connection pool closed
2025-10-19 16:41:05,690 - safe_zone - INFO - Database connection closed
2025-10-19 16:41:05,691 - safe_zone - INFO - Safe Zone API Server stopped
2025-10-19 16:41:06,461 - safe_zone - INFO - Logging setup completed
2025-10-19 16:42:02,482 - safe_zone - INFO - Logging setup completed
2025-10-19 16:42:02,846 - safe_zone - INFO - Logging setup completed
2025-10-19 16:42:02,972 - safe_zone - INFO - Starting Safe Zone API Server
2025-10-19 16:42:02,972 - safe_zone.database - INFO - Attempting to connect to: 127.0.0.1:5433/safe_zone
2025-10-19 16:42:03,045 - safe_zone.database - INFO - Database connection pool created successfully
2025-10-19 16:42:03,049 - safe_zone.database - INFO - Database timezone configured: UTC
2025-10-19 16:42:03,049 - safe_zone.database - INFO - Current database time (UTC): 2025-10-19 12:42:03.048082+00:00
2025-10-19 16:42:03,051 - safe_zone.database - INFO - Timezone-aware timestamp: 2025-10-19 12:42:03.050570+00:00
2025-10-19 16:42:03,053 - safe_zone.database - INFO - Timezone conversion test passed: False
2025-10-19 16:42:03,054 - safe_zone - INFO - Database connection established
2025-10-19 16:42:16,952 - safe_zone - INFO - Logging setup completed
2025-10-19 16:42:17,309 - safe_zone - INFO - Logging setup completed
2025-10-19 16:42:55,223 - safe_zone - INFO - Logging setup completed
2025-10-19 16:42:55,540 - safe_zone - INFO - Logging setup completed
2025-10-19 16:42:56,530 - safe_zone - INFO - Logging setup completed
2025-10-19 16:42:56,881 - safe_zone - INFO - Logging setup completed
2025-10-19 16:43:01,377 - safe_zone.file_upload - INFO - Generated upload URL for user d31ce60e-e013-44a9-97e3-dda4ee30d6d2: 3df0890f-dcd1-439d-85fc-119349282ddd.mp3
2025-10-19 16:43:55,473 - safe_zone.database - INFO - Database connection pool closed
2025-10-19 16:43:55,473 - safe_zone - INFO - Database connection closed
2025-10-19 16:43:55,474 - safe_zone - INFO - Safe Zone API Server stopped
2025-10-19 16:43:55,588 - safe_zone - INFO - Logging setup completed
2025-10-19 16:43:55,963 - safe_zone - INFO - Logging setup completed
2025-10-19 16:43:56,480 - safe_zone - INFO - Logging setup completed
2025-10-19 16:43:56,794 - safe_zone - INFO - Logging setup completed
2025-10-19 16:43:56,910 - safe_zone - INFO - Starting Safe Zone API Server
2025-10-19 16:43:56,910 - safe_zone.database - INFO - Attempting to connect to: 127.0.0.1:5433/safe_zone
2025-10-19 16:43:56,956 - safe_zone.database - INFO - Database connection pool created successfully
2025-10-19 16:43:56,959 - safe_zone.database - INFO - Database timezone configured: UTC
2025-10-19 16:43:56,959 - safe_zone.database - INFO - Current database time (UTC): 2025-10-19 12:43:56.958406+00:00
2025-10-19 16:43:56,961 - safe_zone.database - INFO - Timezone-aware timestamp: 2025-10-19 12:43:56.960694+00:00
2025-10-19 16:43:56,962 - safe_zone.database - INFO - Timezone conversion test passed: False
2025-10-19 16:43:56,963 - safe_zone - INFO - Database connection established
2025-10-19 16:50:28,185 - safe_zone.database - INFO - Database connection pool closed
2025-10-19 16:50:28,186 - safe_zone - INFO - Database connection closed
2025-10-19 16:50:28,186 - safe_zone - INFO - Safe Zone API Server stopped
2025-10-19 16:50:28,998 - safe_zone - INFO - Logging setup completed
2025-10-19 16:50:29,341 - safe_zone - INFO - Logging setup completed
2025-10-19 16:50:29,476 - safe_zone - INFO - Starting Safe Zone API Server
2025-10-19 16:50:29,476 - safe_zone.database - INFO - Attempting to connect to: 127.0.0.1:5433/safe_zone
2025-10-19 16:50:29,521 - safe_zone.database - INFO - Database connection pool created successfully
2025-10-19 16:50:29,526 - safe_zone.database - INFO - Database timezone configured: UTC
2025-10-19 16:50:29,526 - safe_zone.database - INFO - Current database time (UTC): 2025-10-19 12:50:29.523984+00:00
2025-10-19 16:50:29,527 - safe_zone.database - INFO - Timezone-aware timestamp: 2025-10-19 12:50:29.526597+00:00
2025-10-19 16:50:29,530 - safe_zone.database - INFO - Timezone conversion test passed: False
2025-10-19 16:50:29,531 - safe_zone - INFO - Database connection established
2025-10-19 16:50:49,909 - safe_zone.file_upload - INFO - Generated upload URL for user d31ce60e-e013-44a9-97e3-dda4ee30d6d2: 75a552bf-d723-4922-925e-af04f21218b4.mp3
2025-10-19 16:50:49,951 - safe_zone.file_upload - ERROR - Error generating upload URL: Unsupported file type: video/mp4
2025-10-19 16:52:15,746 - safe_zone - INFO - Logging setup completed
2025-10-19 16:52:16,078 - safe_zone - INFO - Logging setup completed
2025-10-19 16:52:20,604 - safe_zone.file_upload - INFO - Generated upload URL for user d31ce60e-e013-44a9-97e3-dda4ee30d6d2: 2712e94e-ae77-41b2-b77f-d9cd80193ee9.mp3
2025-10-19 16:52:21,093 - safe_zone.file_upload - INFO - Generated upload URL for user d31ce60e-e013-44a9-97e3-dda4ee30d6d2: 432304dc-c7ba-46f2-b280-0be64b6e6955.mp3
2025-10-19 16:52:34,678 - safe_zone.database - INFO - Database connection pool closed
2025-10-19 16:52:34,678 - safe_zone - INFO - Database connection closed
2025-10-19 16:52:34,679 - safe_zone - INFO - Safe Zone API Server stopped
2025-10-19 16:52:35,302 - safe_zone - INFO - Logging setup completed
2025-10-19 16:52:35,474 - safe_zone - INFO - Logging setup completed
2025-10-19 16:52:35,542 - safe_zone - INFO - Logging setup completed
2025-10-19 16:52:35,938 - safe_zone - INFO - Logging setup completed
2025-10-19 16:52:36,060 - safe_zone - INFO - Starting Safe Zone API Server
2025-10-19 16:52:36,060 - safe_zone.database - INFO - Attempting to connect to: 127.0.0.1:5433/safe_zone
2025-10-19 16:52:36,116 - safe_zone.database - INFO - Database connection pool created successfully
2025-10-19 16:52:36,119 - safe_zone.database - INFO - Database timezone configured: UTC
2025-10-19 16:52:36,119 - safe_zone.database - INFO - Current database time (UTC): 2025-10-19 12:52:36.118284+00:00
2025-10-19 16:52:36,122 - safe_zone.database - INFO - Timezone-aware timestamp: 2025-10-19 12:52:36.120213+00:00
2025-10-19 16:52:36,123 - safe_zone.database - INFO - Timezone conversion test passed: False
2025-10-19 16:52:36,124 - safe_zone - INFO - Database connection established
2025-10-19 17:02:54,382 - safe_zone.database - INFO - Database connection pool closed
2025-10-19 17:02:54,383 - safe_zone - INFO - Database connection closed
2025-10-19 17:02:54,384 - safe_zone - INFO - Safe Zone API Server stopped
2025-10-19 17:02:55,287 - safe_zone - INFO - Logging setup completed
2025-10-19 17:02:55,659 - safe_zone - INFO - Logging setup completed
2025-10-19 17:02:55,806 - safe_zone - INFO - Starting Safe Zone API Server
2025-10-19 17:02:55,806 - safe_zone.database - INFO - Attempting to connect to: 127.0.0.1:5433/safe_zone
2025-10-19 17:02:55,855 - safe_zone.database - INFO - Database connection pool created successfully
2025-10-19 17:02:55,858 - safe_zone.database - INFO - Database timezone configured: UTC
2025-10-19 17:02:55,858 - safe_zone.database - INFO - Current database time (UTC): 2025-10-19 13:02:55.857100+00:00
2025-10-19 17:02:55,859 - safe_zone.database - INFO - Timezone-aware timestamp: 2025-10-19 13:02:55.858619+00:00
2025-10-19 17:02:55,861 - safe_zone.database - INFO - Timezone conversion test passed: False
2025-10-19 17:02:55,862 - safe_zone - INFO - Database connection established
2025-10-19 17:02:55,871 - safe_zone.file_upload - ERROR - Error generating upload URL: Unsupported file type: video/mp4
2025-10-19 17:16:26,727 - safe_zone - INFO - Logging setup completed
2025-10-19 17:16:27,048 - safe_zone - INFO - Logging setup completed
2025-10-19 17:16:50,083 - safe_zone.database - INFO - Database connection pool closed
2025-10-19 17:16:50,083 - safe_zone - INFO - Database connection closed
2025-10-19 17:16:50,083 - safe_zone - INFO - Safe Zone API Server stopped
2025-10-19 17:16:51,019 - safe_zone - INFO - Logging setup completed
2025-10-19 17:16:51,340 - safe_zone - INFO - Logging setup completed
2025-10-19 17:16:51,464 - safe_zone - INFO - Starting Safe Zone API Server
2025-10-19 17:16:51,464 - safe_zone.database - INFO - Attempting to connect to: 127.0.0.1:5433/safe_zone
2025-10-19 17:16:51,526 - safe_zone.database - INFO - Database connection pool created successfully
2025-10-19 17:16:51,529 - safe_zone.database - INFO - Database timezone configured: UTC
2025-10-19 17:16:51,529 - safe_zone.database - INFO - Current database time (UTC): 2025-10-19 13:16:51.528656+00:00
2025-10-19 17:16:51,530 - safe_zone.database - INFO - Timezone-aware timestamp: 2025-10-19 13:16:51.530137+00:00
2025-10-19 17:16:51,533 - safe_zone.database - INFO - Timezone conversion test passed: False
2025-10-19 17:16:51,534 - safe_zone - INFO - Database connection established
2025-10-19 17:25:01,311 - safe_zone.database - INFO - Database connection pool closed
2025-10-19 17:25:01,311 - safe_zone - INFO - Database connection closed
2025-10-19 17:25:01,312 - safe_zone - INFO - Safe Zone API Server stopped
2025-10-19 17:25:02,102 - safe_zone - INFO - Logging setup completed
2025-10-19 17:25:02,413 - safe_zone - INFO - Logging setup completed
2025-10-19 17:25:02,533 - safe_zone - INFO - Starting Safe Zone API Server
2025-10-19 17:25:02,533 - safe_zone.database - INFO - Attempting to connect to: 127.0.0.1:5433/safe_zone
2025-10-19 17:25:02,577 - safe_zone.database - INFO - Database connection pool created successfully
2025-10-19 17:25:02,580 - safe_zone.database - INFO - Database timezone configured: UTC
2025-10-19 17:25:02,580 - safe_zone.database - INFO - Current database time (UTC): 2025-10-19 13:25:02.579690+00:00
2025-10-19 17:25:02,581 - safe_zone.database - INFO - Timezone-aware timestamp: 2025-10-19 13:25:02.581119+00:00
2025-10-19 17:25:02,584 - safe_zone.database - INFO - Timezone conversion test passed: False
2025-10-19 17:25:02,584 - safe_zone - INFO - Database connection established
2025-10-20 07:44:54,824 - safe_zone - INFO - Logging setup completed
2025-10-20 07:44:55,490 - safe_zone - INFO - Logging setup completed
2025-10-20 07:44:55,618 - safe_zone - INFO - Starting Safe Zone API Server
2025-10-20 07:44:55,618 - safe_zone.database - INFO - Attempting to connect to: 127.0.0.1:5433/safe_zone
2025-10-20 07:44:55,713 - safe_zone.database - INFO - Database connection pool created successfully
2025-10-20 07:44:55,742 - safe_zone.database - INFO - Database timezone configured: UTC
2025-10-20 07:44:55,742 - safe_zone.database - INFO - Current database time (UTC): 2025-10-20 03:44:55.722129+00:00
2025-10-20 07:44:55,746 - safe_zone.database - INFO - Timezone-aware timestamp: 2025-10-20 03:44:55.742890+00:00
2025-10-20 07:44:55,770 - safe_zone.database - INFO - Timezone conversion test passed: False
2025-10-20 07:44:55,773 - safe_zone - INFO - Database connection established
2025-10-20 07:45:58,323 - safe_zone.database - INFO - Database connection pool closed
2025-10-20 07:45:58,323 - safe_zone - INFO - Database connection closed
2025-10-20 07:45:58,324 - safe_zone - INFO - Safe Zone API Server stopped
2025-10-20 07:46:07,697 - safe_zone - INFO - Logging setup completed
2025-10-20 07:46:08,012 - safe_zone - INFO - Logging setup completed
2025-10-20 07:46:08,136 - safe_zone - INFO - Starting Safe Zone API Server
2025-10-20 07:46:08,136 - safe_zone.database - INFO - Attempting to connect to: 127.0.0.1:5433/safe_zone
2025-10-20 07:46:08,182 - safe_zone.database - INFO - Database connection pool created successfully
2025-10-20 07:46:08,185 - safe_zone.database - INFO - Database timezone configured: UTC
2025-10-20 07:46:08,185 - safe_zone.database - INFO - Current database time (UTC): 2025-10-20 03:46:08.184603+00:00
2025-10-20 07:46:08,187 - safe_zone.database - INFO - Timezone-aware timestamp: 2025-10-20 03:46:08.186201+00:00
2025-10-20 07:46:08,188 - safe_zone.database - INFO - Timezone conversion test passed: False
2025-10-20 07:46:08,189 - safe_zone - INFO - Database connection established
2025-10-20 07:46:38,146 - safe_zone.file_upload - ERROR - Error generating upload URL: Unsupported file type: video/mp4
2025-10-20 07:54:09,876 - safe_zone.database - INFO - Database connection pool closed
2025-10-20 07:54:09,877 - safe_zone - INFO - Database connection closed
2025-10-20 07:54:09,878 - safe_zone - INFO - Safe Zone API Server stopped
2025-10-20 07:54:10,597 - safe_zone - INFO - Logging setup completed
2025-10-20 07:54:10,919 - safe_zone - INFO - Logging setup completed
2025-10-20 07:54:11,028 - safe_zone - INFO - Starting Safe Zone API Server
2025-10-20 07:54:11,028 - safe_zone.database - INFO - Attempting to connect to: 127.0.0.1:5433/safe_zone
2025-10-20 07:54:11,067 - safe_zone.database - INFO - Database connection pool created successfully
2025-10-20 07:54:11,070 - safe_zone.database - INFO - Database timezone configured: UTC
2025-10-20 07:54:11,070 - safe_zone.database - INFO - Current database time (UTC): 2025-10-20 03:54:11.069120+00:00
2025-10-20 07:54:11,071 - safe_zone.database - INFO - Timezone-aware timestamp: 2025-10-20 03:54:11.070577+00:00
2025-10-20 07:54:11,073 - safe_zone.database - INFO - Timezone conversion test passed: False
2025-10-20 07:54:11,074 - safe_zone - INFO - Database connection established
2025-10-20 07:55:02,936 - safe_zone.database - INFO - Database connection pool closed
2025-10-20 07:55:02,936 - safe_zone - INFO - Database connection closed
2025-10-20 07:55:02,937 - safe_zone - INFO - Safe Zone API Server stopped
2025-10-20 07:55:03,641 - safe_zone - INFO - Logging setup completed
2025-10-20 07:55:03,946 - safe_zone - INFO - Logging setup completed
2025-10-20 07:55:04,050 - safe_zone - INFO - Starting Safe Zone API Server
2025-10-20 07:55:04,051 - safe_zone.database - INFO - Attempting to connect to: 127.0.0.1:5433/safe_zone
2025-10-20 07:55:04,091 - safe_zone.database - INFO - Database connection pool created successfully
2025-10-20 07:55:04,094 - safe_zone.database - INFO - Database timezone configured: UTC
2025-10-20 07:55:04,094 - safe_zone.database - INFO - Current database time (UTC): 2025-10-20 03:55:04.092963+00:00
2025-10-20 07:55:04,096 - safe_zone.database - INFO - Timezone-aware timestamp: 2025-10-20 03:55:04.095404+00:00
2025-10-20 07:55:04,097 - safe_zone.database - INFO - Timezone conversion test passed: False
2025-10-20 07:55:04,097 - safe_zone - INFO - Database connection established
2025-10-20 08:01:55,464 - safe_zone.database - INFO - Database connection pool closed
2025-10-20 08:01:55,465 - safe_zone - INFO - Database connection closed
2025-10-20 08:01:55,465 - safe_zone - INFO - Safe Zone API Server stopped
2025-10-20 08:01:56,177 - safe_zone - INFO - Logging setup completed
2025-10-20 08:01:56,486 - safe_zone - INFO - Logging setup completed
2025-10-20 08:01:56,595 - safe_zone - INFO - Starting Safe Zone API Server
2025-10-20 08:01:56,595 - safe_zone.database - INFO - Attempting to connect to: 127.0.0.1:5433/safe_zone
2025-10-20 08:01:56,638 - safe_zone.database - INFO - Database connection pool created successfully
2025-10-20 08:01:56,641 - safe_zone.database - INFO - Database timezone configured: UTC
2025-10-20 08:01:56,641 - safe_zone.database - INFO - Current database time (UTC): 2025-10-20 04:01:56.640630+00:00
2025-10-20 08:01:56,642 - safe_zone.database - INFO - Timezone-aware timestamp: 2025-10-20 04:01:56.642048+00:00
2025-10-20 08:01:56,644 - safe_zone.database - INFO - Timezone conversion test passed: False
2025-10-20 08:01:56,645 - safe_zone - INFO - Database connection established
2025-10-20 08:03:11,880 - safe_zone.file_upload - ERROR - Error generating upload URL: Unsupported audio file type: video/mp4
2025-10-20 08:06:02,801 - safe_zone.file_upload - ERROR - Error generating upload URL: Unsupported audio file type: video/mp4
2025-10-20 08:20:04,398 - safe_zone.database - INFO - Database connection pool closed
2025-10-20 08:20:04,398 - safe_zone - INFO - Database connection closed
2025-10-20 08:20:04,399 - safe_zone - INFO - Safe Zone API Server stopped
2025-10-20 08:20:05,112 - safe_zone - INFO - Logging setup completed
2025-10-20 08:20:05,418 - safe_zone - INFO - Logging setup completed
2025-10-20 08:20:05,521 - safe_zone - INFO - Starting Safe Zone API Server
2025-10-20 08:20:05,522 - safe_zone.database - INFO - Attempting to connect to: 127.0.0.1:5433/safe_zone
2025-10-20 08:20:05,563 - safe_zone.database - INFO - Database connection pool created successfully
2025-10-20 08:20:05,566 - safe_zone.database - INFO - Database timezone configured: UTC
2025-10-20 08:20:05,567 - safe_zone.database - INFO - Current database time (UTC): 2025-10-20 04:20:05.565600+00:00
2025-10-20 08:20:05,568 - safe_zone.database - INFO - Timezone-aware timestamp: 2025-10-20 04:20:05.567976+00:00
2025-10-20 08:20:05,570 - safe_zone.database - INFO - Timezone conversion test passed: False
2025-10-20 08:20:05,570 - safe_zone - INFO - Database connection established
2025-10-20 08:20:33,895 - safe_zone.database - INFO - Database connection pool closed
2025-10-20 08:20:33,895 - safe_zone - INFO - Database connection closed
2025-10-20 08:20:33,896 - safe_zone - INFO - Safe Zone API Server stopped
2025-10-20 08:20:34,607 - safe_zone - INFO - Logging setup completed
2025-10-20 08:20:34,910 - safe_zone - INFO - Logging setup completed
2025-10-20 08:20:35,014 - safe_zone - INFO - Starting Safe Zone API Server
2025-10-20 08:20:35,014 - safe_zone.database - INFO - Attempting to connect to: 127.0.0.1:5433/safe_zone
2025-10-20 08:20:35,054 - safe_zone.database - INFO - Database connection pool created successfully
2025-10-20 08:20:35,057 - safe_zone.database - INFO - Database timezone configured: UTC
2025-10-20 08:20:35,057 - safe_zone.database - INFO - Current database time (UTC): 2025-10-20 04:20:35.056593+00:00
2025-10-20 08:20:35,059 - safe_zone.database - INFO - Timezone-aware timestamp: 2025-10-20 04:20:35.057885+00:00
2025-10-20 08:20:35,061 - safe_zone.database - INFO - Timezone conversion test passed: False
2025-10-20 08:20:35,061 - safe_zone - INFO - Database connection established
2025-10-20 08:21:04,464 - safe_zone.file_upload - INFO - Generated upload URL for user d31ce60e-e013-44a9-97e3-dda4ee30d6d2: aaa59bfb-6afa-49e7-a4ee-83132578f880.mp4 (video)
2025-10-20 08:21:29,237 - safe_zone.file_upload - INFO - Generated upload URL for user d31ce60e-e013-44a9-97e3-dda4ee30d6d2: 2308ae15-276d-4f2f-9a5f-5a1f42851a2b.mp4 (video)
2025-10-20 08:28:04,517 - safe_zone.database - INFO - Database connection pool closed
2025-10-20 08:28:04,517 - safe_zone - INFO - Database connection closed
2025-10-20 08:28:04,517 - safe_zone - INFO - Safe Zone API Server stopped
2025-10-20 08:28:05,399 - safe_zone - INFO - Logging setup completed
2025-10-20 08:28:05,712 - safe_zone - INFO - Logging setup completed
2025-10-20 08:28:05,813 - safe_zone - INFO - Starting Safe Zone API Server
2025-10-20 08:28:05,813 - safe_zone.database - INFO - Attempting to connect to: 127.0.0.1:5433/safe_zone
2025-10-20 08:28:05,855 - safe_zone.database - INFO - Database connection pool created successfully
2025-10-20 08:28:05,858 - safe_zone.database - INFO - Database timezone configured: UTC
2025-10-20 08:28:05,859 - safe_zone.database - INFO - Current database time (UTC): 2025-10-20 04:28:05.857350+00:00
2025-10-20 08:28:05,860 - safe_zone.database - INFO - Timezone-aware timestamp: 2025-10-20 04:28:05.859563+00:00
2025-10-20 08:28:05,861 - safe_zone.database - INFO - Timezone conversion test passed: False
2025-10-20 08:28:05,861 - safe_zone - INFO - Database connection established
2025-10-20 08:28:05,871 - safe_zone.file_upload - INFO - Generated upload URL for user d31ce60e-e013-44a9-97e3-dda4ee30d6d2: dc7d3d6c-dad4-44ed-afbf-f295f3b907f6.mp4 (video)
2025-10-20 08:32:49,582 - safe_zone.database - INFO - Database connection pool closed
2025-10-20 08:32:49,582 - safe_zone - INFO - Database connection closed
2025-10-20 08:32:49,582 - safe_zone - INFO - Safe Zone API Server stopped
2025-10-20 08:32:50,295 - safe_zone - INFO - Logging setup completed
2025-10-20 08:32:50,600 - safe_zone - INFO - Logging setup completed
2025-10-20 08:32:50,703 - safe_zone - INFO - Starting Safe Zone API Server
2025-10-20 08:32:50,703 - safe_zone.database - INFO - Attempting to connect to: 127.0.0.1:5433/safe_zone
2025-10-20 08:32:50,742 - safe_zone.database - INFO - Database connection pool created successfully
2025-10-20 08:32:50,744 - safe_zone.database - INFO - Database timezone configured: UTC
2025-10-20 08:32:50,744 - safe_zone.database - INFO - Current database time (UTC): 2025-10-20 04:32:50.743890+00:00
2025-10-20 08:32:50,746 - safe_zone.database - INFO - Timezone-aware timestamp: 2025-10-20 04:32:50.745297+00:00
2025-10-20 08:32:50,748 - safe_zone.database - INFO - Timezone conversion test passed: False
2025-10-20 08:32:50,748 - safe_zone - INFO - Database connection established
2025-10-20 08:33:33,894 - safe_zone.database - INFO - Database connection pool closed
2025-10-20 08:33:33,894 - safe_zone - INFO - Database connection closed
2025-10-20 08:33:33,894 - safe_zone - INFO - Safe Zone API Server stopped
2025-10-20 08:33:34,585 - safe_zone - INFO - Logging setup completed
2025-10-20 08:33:34,895 - safe_zone - INFO - Logging setup completed
2025-10-20 08:33:35,002 - safe_zone - INFO - Starting Safe Zone API Server
2025-10-20 08:33:35,002 - safe_zone.database - INFO - Attempting to connect to: 127.0.0.1:5433/safe_zone
2025-10-20 08:33:35,041 - safe_zone.database - INFO - Database connection pool created successfully
2025-10-20 08:33:35,044 - safe_zone.database - INFO - Database timezone configured: UTC
2025-10-20 08:33:35,044 - safe_zone.database - INFO - Current database time (UTC): 2025-10-20 04:33:35.043342+00:00
2025-10-20 08:33:35,045 - safe_zone.database - INFO - Timezone-aware timestamp: 2025-10-20 04:33:35.044756+00:00
2025-10-20 08:33:35,047 - safe_zone.database - INFO - Timezone conversion test passed: False
2025-10-20 08:33:35,048 - safe_zone - INFO - Database connection established
2025-10-20 08:34:13,072 - safe_zone.database - INFO - Database connection pool closed
2025-10-20 08:34:13,072 - safe_zone - INFO - Database connection closed
2025-10-20 08:34:13,072 - safe_zone - INFO - Safe Zone API Server stopped
2025-10-20 08:34:13,773 - safe_zone - INFO - Logging setup completed
2025-10-20 08:34:14,071 - safe_zone - INFO - Logging setup completed
2025-10-20 08:34:14,172 - safe_zone - INFO - Starting Safe Zone API Server
2025-10-20 08:34:14,172 - safe_zone.database - INFO - Attempting to connect to: 127.0.0.1:5433/safe_zone
2025-10-20 08:34:14,211 - safe_zone.database - INFO - Database connection pool created successfully
2025-10-20 08:34:14,214 - safe_zone.database - INFO - Database timezone configured: UTC
2025-10-20 08:34:14,214 - safe_zone.database - INFO - Current database time (UTC): 2025-10-20 04:34:14.213289+00:00
2025-10-20 08:34:14,215 - safe_zone.database - INFO - Timezone-aware timestamp: 2025-10-20 04:34:14.214564+00:00
2025-10-20 08:34:14,217 - safe_zone.database - INFO - Timezone conversion test passed: False
2025-10-20 08:34:14,217 - safe_zone - INFO - Database connection established
2025-10-20 08:36:47,937 - safe_zone.database - INFO - Database connection pool closed
2025-10-20 08:36:47,937 - safe_zone - INFO - Database connection closed
2025-10-20 08:36:47,937 - safe_zone - INFO - Safe Zone API Server stopped
2025-10-20 08:36:48,652 - safe_zone - INFO - Logging setup completed
2025-10-20 08:36:48,975 - safe_zone - INFO - Logging setup completed
2025-10-20 08:36:49,083 - safe_zone - INFO - Starting Safe Zone API Server
2025-10-20 08:36:49,083 - safe_zone.database - INFO - Attempting to connect to: 127.0.0.1:5433/safe_zone
2025-10-20 08:36:49,122 - safe_zone.database - INFO - Database connection pool created successfully
2025-10-20 08:36:49,125 - safe_zone.database - INFO - Database timezone configured: UTC
2025-10-20 08:36:49,125 - safe_zone.database - INFO - Current database time (UTC): 2025-10-20 04:36:49.124679+00:00
2025-10-20 08:36:49,127 - safe_zone.database - INFO - Timezone-aware timestamp: 2025-10-20 04:36:49.126287+00:00
2025-10-20 08:36:49,129 - safe_zone.database - INFO - Timezone conversion test passed: False
2025-10-20 08:36:49,130 - safe_zone - INFO - Database connection established
2025-10-20 08:37:16,811 - safe_zone.file_upload - INFO - Generated upload URL for user d31ce60e-e013-44a9-97e3-dda4ee30d6d2: d1b9931b-e07a-4f73-bd4b-2ddcb9898572.mp4 (video)
2025-10-20 08:37:33,029 - safe_zone.file_upload - INFO - Generated upload URL for user d31ce60e-e013-44a9-97e3-dda4ee30d6d2: 1f6eeee8-07a8-4940-bf0c-e242efebb8db.mp4 (video)
2025-10-20 16:51:48,035 - safe_zone - INFO - Logging setup completed
2025-10-20 16:51:48,780 - safe_zone - INFO - Logging setup completed
2025-10-20 16:51:48,897 - safe_zone - INFO - Starting Safe Zone API Server
2025-10-20 16:51:48,897 - safe_zone.database - INFO - Attempting to connect to: 127.0.0.1:5433/safe_zone
2025-10-20 16:51:49,015 - safe_zone.database - INFO - Database connection pool created successfully
2025-10-20 16:51:49,055 - safe_zone.database - INFO - Database timezone configured: UTC
2025-10-20 16:51:49,055 - safe_zone.database - INFO - Current database time (UTC): 2025-10-20 12:51:49.027884+00:00
2025-10-20 16:51:49,061 - safe_zone.database - INFO - Timezone-aware timestamp: 2025-10-20 12:51:49.056285+00:00
2025-10-20 16:51:49,088 - safe_zone.database - INFO - Timezone conversion test passed: False
2025-10-20 16:51:49,093 - safe_zone - INFO - Database connection established
2025-10-20 16:52:31,633 - safe_zone.file_upload - INFO - Generated upload URL for user d31ce60e-e013-44a9-97e3-dda4ee30d6d2: ed5ebad8-7d3c-4b13-99a5-aff0cc413b5a.mp4 (video)
2025-10-20 17:22:38,601 - safe_zone.database - INFO - Database connection pool closed
2025-10-20 17:22:38,602 - safe_zone - INFO - Database connection closed
2025-10-20 17:22:38,602 - safe_zone - INFO - Safe Zone API Server stopped
2025-10-20 17:22:39,416 - safe_zone - INFO - Logging setup completed
2025-10-20 17:22:39,739 - safe_zone - INFO - Logging setup completed
2025-10-20 17:22:39,860 - safe_zone - INFO - Starting Safe Zone API Server
2025-10-20 17:22:39,860 - safe_zone.database - INFO - Attempting to connect to: 127.0.0.1:5433/safe_zone
2025-10-20 17:22:39,905 - safe_zone.database - INFO - Database connection pool created successfully
2025-10-20 17:22:39,907 - safe_zone.database - INFO - Database timezone configured: UTC
2025-10-20 17:22:39,908 - safe_zone.database - INFO - Current database time (UTC): 2025-10-20 13:22:39.906868+00:00
2025-10-20 17:22:39,909 - safe_zone.database - INFO - Timezone-aware timestamp: 2025-10-20 13:22:39.908428+00:00
2025-10-20 17:22:39,911 - safe_zone.database - INFO - Timezone conversion test passed: False
2025-10-20 17:22:39,912 - safe_zone - INFO - Database connection established
2025-10-20 17:23:26,219 - safe_zone.database - INFO - Database connection pool closed
2025-10-20 17:23:26,220 - safe_zone - INFO - Database connection closed
2025-10-20 17:23:26,220 - safe_zone - INFO - Safe Zone API Server stopped
2025-10-20 17:23:27,063 - safe_zone - INFO - Logging setup completed
2025-10-20 17:23:27,403 - safe_zone - INFO - Logging setup completed
2025-10-20 17:23:27,529 - safe_zone - INFO - Starting Safe Zone API Server
2025-10-20 17:23:27,529 - safe_zone.database - INFO - Attempting to connect to: 127.0.0.1:5433/safe_zone
2025-10-20 17:23:27,574 - safe_zone.database - INFO - Database connection pool created successfully
2025-10-20 17:23:27,577 - safe_zone.database - INFO - Database timezone configured: UTC
2025-10-20 17:23:27,577 - safe_zone.database - INFO - Current database time (UTC): 2025-10-20 13:23:27.576073+00:00
2025-10-20 17:23:27,578 - safe_zone.database - INFO - Timezone-aware timestamp: 2025-10-20 13:23:27.577613+00:00
2025-10-20 17:23:27,580 - safe_zone.database - INFO - Timezone conversion test passed: False
2025-10-20 17:23:27,581 - safe_zone - INFO - Database connection established
2025-10-20 17:23:27,591 - safe_zone.file_upload - INFO - Generated upload URL for user d31ce60e-e013-44a9-97e3-dda4ee30d6d2: 744ff2e7-53c4-4fe8-a14d-bd82c8520e34.mp4 (video)
2025-10-20 17:23:55,255 - safe_zone.database - INFO - Database connection pool closed
2025-10-20 17:23:55,255 - safe_zone - INFO - Database connection closed
2025-10-20 17:23:55,256 - safe_zone - INFO - Safe Zone API Server stopped
2025-10-20 17:23:56,037 - safe_zone - INFO - Logging setup completed
2025-10-20 17:23:56,342 - safe_zone - INFO - Logging setup completed
2025-10-20 17:23:56,454 - safe_zone - INFO - Starting Safe Zone API Server
2025-10-20 17:23:56,454 - safe_zone.database - INFO - Attempting to connect to: 127.0.0.1:5433/safe_zone
2025-10-20 17:23:56,498 - safe_zone.database - INFO - Database connection pool created successfully
2025-10-20 17:23:56,502 - safe_zone.database - INFO - Database timezone configured: UTC
2025-10-20 17:23:56,502 - safe_zone.database - INFO - Current database time (UTC): 2025-10-20 13:23:56.500647+00:00
2025-10-20 17:23:56,504 - safe_zone.database - INFO - Timezone-aware timestamp: 2025-10-20 13:23:56.502667+00:00
2025-10-20 17:23:56,505 - safe_zone.database - INFO - Timezone conversion test passed: False
2025-10-20 17:23:56,506 - safe_zone - INFO - Database connection established
2025-10-20 17:24:17,882 - safe_zone.database - INFO - Database connection pool closed
2025-10-20 17:24:17,882 - safe_zone - INFO - Database connection closed
2025-10-20 17:24:17,883 - safe_zone - INFO - Safe Zone API Server stopped
2025-10-20 17:24:18,664 - safe_zone - INFO - Logging setup completed
2025-10-20 17:24:18,973 - safe_zone - INFO - Logging setup completed
2025-10-20 17:24:19,086 - safe_zone - INFO - Starting Safe Zone API Server
2025-10-20 17:24:19,086 - safe_zone.database - INFO - Attempting to connect to: 127.0.0.1:5433/safe_zone
2025-10-20 17:24:19,144 - safe_zone.database - INFO - Database connection pool created successfully
2025-10-20 17:24:19,147 - safe_zone.database - INFO - Database timezone configured: UTC
2025-10-20 17:24:19,148 - safe_zone.database - INFO - Current database time (UTC): 2025-10-20 13:24:19.146852+00:00
2025-10-20 17:24:19,150 - safe_zone.database - INFO - Timezone-aware timestamp: 2025-10-20 13:24:19.148615+00:00
2025-10-20 17:24:19,151 - safe_zone.database - INFO - Timezone conversion test passed: False
2025-10-20 17:24:19,152 - safe_zone - INFO - Database connection established
2025-10-20 17:26:00,780 - safe_zone.database - INFO - Database connection pool closed
2025-10-20 17:26:00,780 - safe_zone - INFO - Database connection closed
2025-10-20 17:26:00,781 - safe_zone - INFO - Safe Zone API Server stopped
2025-10-20 17:26:01,562 - safe_zone - INFO - Logging setup completed
2025-10-20 17:26:01,871 - safe_zone - INFO - Logging setup completed
2025-10-20 17:26:01,995 - safe_zone - INFO - Starting Safe Zone API Server
2025-10-20 17:26:01,996 - safe_zone.database - INFO - Attempting to connect to: 127.0.0.1:5433/safe_zone
2025-10-20 17:26:02,040 - safe_zone.database - INFO - Database connection pool created successfully
2025-10-20 17:26:02,043 - safe_zone.database - INFO - Database timezone configured: UTC
2025-10-20 17:26:02,043 - safe_zone.database - INFO - Current database time (UTC): 2025-10-20 13:26:02.042574+00:00
2025-10-20 17:26:02,045 - safe_zone.database - INFO - Timezone-aware timestamp: 2025-10-20 13:26:02.044193+00:00
2025-10-20 17:26:02,047 - safe_zone.database - INFO - Timezone conversion test passed: False
2025-10-20 17:26:02,047 - safe_zone - INFO - Database connection established
2025-10-20 17:26:31,119 - safe_zone.database - INFO - Database connection pool closed
2025-10-20 17:26:31,119 - safe_zone - INFO - Database connection closed
2025-10-20 17:26:31,119 - safe_zone - INFO - Safe Zone API Server stopped
2025-10-20 17:26:31,974 - safe_zone - INFO - Logging setup completed
2025-10-20 17:26:32,279 - safe_zone - INFO - Logging setup completed
2025-10-20 17:26:32,394 - safe_zone - INFO - Starting Safe Zone API Server
2025-10-20 17:26:32,394 - safe_zone.database - INFO - Attempting to connect to: 127.0.0.1:5433/safe_zone
2025-10-20 17:26:32,438 - safe_zone.database - INFO - Database connection pool created successfully
2025-10-20 17:26:32,441 - safe_zone.database - INFO - Database timezone configured: UTC
2025-10-20 17:26:32,441 - safe_zone.database - INFO - Current database time (UTC): 2025-10-20 13:26:32.440564+00:00
2025-10-20 17:26:32,443 - safe_zone.database - INFO - Timezone-aware timestamp: 2025-10-20 13:26:32.441948+00:00
2025-10-20 17:26:32,444 - safe_zone.database - INFO - Timezone conversion test passed: False
2025-10-20 17:26:32,445 - safe_zone - INFO - Database connection established
2025-10-20 17:31:47,142 - safe_zone.health - INFO - Health check - Database connected
2025-10-20 17:37:47,095 - safe_zone.file_upload - INFO - Generated upload URL for user d31ce60e-e013-44a9-97e3-dda4ee30d6d2: 2a504138-ed4e-4c00-9023-91a3e766e77d.mp4 (video)
2025-10-20 17:37:47,284 - safe_zone.database - INFO - Database connection pool closed
2025-10-20 17:37:47,284 - safe_zone - INFO - Database connection closed
2025-10-20 17:37:47,285 - safe_zone - INFO - Safe Zone API Server stopped
2025-10-20 17:37:48,059 - safe_zone - INFO - Logging setup completed
2025-10-20 17:37:48,374 - safe_zone - INFO - Logging setup completed
2025-10-20 17:37:48,487 - safe_zone - INFO - Starting Safe Zone API Server
2025-10-20 17:37:48,487 - safe_zone.database - INFO - Attempting to connect to: 127.0.0.1:5433/safe_zone
2025-10-20 17:37:48,533 - safe_zone.database - INFO - Database connection pool created successfully
2025-10-20 17:37:48,535 - safe_zone.database - INFO - Database timezone configured: UTC
2025-10-20 17:37:48,535 - safe_zone.database - INFO - Current database time (UTC): 2025-10-20 13:37:48.534826+00:00
2025-10-20 17:37:48,537 - safe_zone.database - INFO - Timezone-aware timestamp: 2025-10-20 13:37:48.536304+00:00
2025-10-20 17:37:48,539 - safe_zone.database - INFO - Timezone conversion test passed: False
2025-10-20 17:37:48,540 - safe_zone - INFO - Database connection established
2025-10-20 17:44:30,191 - safe_zone.database - INFO - Database connection pool closed
2025-10-20 17:44:30,192 - safe_zone - INFO - Database connection closed
2025-10-20 17:44:30,192 - safe_zone - INFO - Safe Zone API Server stopped
2025-10-20 17:44:30,963 - safe_zone - INFO - Logging setup completed
2025-10-20 17:44:31,268 - safe_zone - INFO - Logging setup completed
2025-10-20 17:44:31,390 - safe_zone - INFO - Starting Safe Zone API Server
2025-10-20 17:44:31,390 - safe_zone.database - INFO - Attempting to connect to: 127.0.0.1:5433/safe_zone
2025-10-20 17:44:31,434 - safe_zone.database - INFO - Database connection pool created successfully
2025-10-20 17:44:31,437 - safe_zone.database - INFO - Database timezone configured: UTC
2025-10-20 17:44:31,437 - safe_zone.database - INFO - Current database time (UTC): 2025-10-20 13:44:31.436765+00:00
2025-10-20 17:44:31,439 - safe_zone.database - INFO - Timezone-aware timestamp: 2025-10-20 13:44:31.438166+00:00
2025-10-20 17:44:31,441 - safe_zone.database - INFO - Timezone conversion test passed: False
2025-10-20 17:44:31,441 - safe_zone - INFO - Database connection established
2025-10-20 17:46:18,809 - safe_zone.database - INFO - Database connection pool closed
2025-10-20 17:46:18,809 - safe_zone - INFO - Database connection closed
2025-10-20 17:46:18,810 - safe_zone - INFO - Safe Zone API Server stopped
2025-10-20 17:46:19,570 - safe_zone - INFO - Logging setup completed
2025-10-20 17:46:19,885 - safe_zone - INFO - Logging setup completed
2025-10-20 17:46:19,998 - safe_zone - INFO - Starting Safe Zone API Server
2025-10-20 17:46:19,998 - safe_zone.database - INFO - Attempting to connect to: 127.0.0.1:5433/safe_zone
2025-10-20 17:46:20,046 - safe_zone.database - INFO - Database connection pool created successfully
2025-10-20 17:46:20,049 - safe_zone.database - INFO - Database timezone configured: UTC
2025-10-20 17:46:20,049 - safe_zone.database - INFO - Current database time (UTC): 2025-10-20 13:46:20.048357+00:00
2025-10-20 17:46:20,050 - safe_zone.database - INFO - Timezone-aware timestamp: 2025-10-20 13:46:20.049835+00:00
2025-10-20 17:46:20,052 - safe_zone.database - INFO - Timezone conversion test passed: False
2025-10-20 17:46:20,053 - safe_zone - INFO - Database connection established
2025-10-20 22:39:13,473 - safe_zone - INFO - Logging setup completed
2025-10-20 22:39:14,007 - safe_zone - INFO - Logging setup completed
2025-10-20 22:39:14,112 - safe_zone - INFO - Starting Safe Zone API Server
2025-10-20 22:39:14,113 - safe_zone.database - INFO - Attempting to connect to: 127.0.0.1:5433/safe_zone
2025-10-20 22:39:14,204 - safe_zone.database - INFO - Database connection pool created successfully
2025-10-20 22:39:14,226 - safe_zone.database - INFO - Database timezone configured: UTC
2025-10-20 22:39:14,227 - safe_zone.database - INFO - Current database time (UTC): 2025-10-20 18:39:14.212461+00:00
2025-10-20 22:39:14,230 - safe_zone.database - INFO - Timezone-aware timestamp: 2025-10-20 18:39:14.227632+00:00
2025-10-20 22:39:14,244 - safe_zone.database - INFO - Timezone conversion test passed: False
2025-10-20 22:39:14,246 - safe_zone - INFO - Database connection established
2025-10-20 22:48:10,714 - safe_zone.database - INFO - Database connection pool closed
2025-10-20 22:48:10,714 - safe_zone - INFO - Database connection closed
2025-10-20 22:48:10,715 - safe_zone - INFO - Safe Zone API Server stopped
2025-10-20 22:48:11,451 - safe_zone - INFO - Logging setup completed
2025-10-20 22:48:11,775 - safe_zone - INFO - Logging setup completed
2025-10-20 22:48:11,883 - safe_zone - INFO - Starting Safe Zone API Server
2025-10-20 22:48:11,883 - safe_zone.database - INFO - Attempting to connect to: 127.0.0.1:5433/safe_zone
2025-10-20 22:48:11,923 - safe_zone.database - INFO - Database connection pool created successfully
2025-10-20 22:48:11,926 - safe_zone.database - INFO - Database timezone configured: UTC
2025-10-20 22:48:11,926 - safe_zone.database - INFO - Current database time (UTC): 2025-10-20 18:48:11.925031+00:00
2025-10-20 22:48:11,928 - safe_zone.database - INFO - Timezone-aware timestamp: 2025-10-20 18:48:11.926774+00:00
2025-10-20 22:48:11,929 - safe_zone.database - INFO - Timezone conversion test passed: False
2025-10-20 22:48:11,930 - safe_zone - INFO - Database connection established
2025-10-20 22:48:48,775 - safe_zone.database - INFO - Database connection pool closed
2025-10-20 22:48:48,776 - safe_zone - INFO - Database connection closed
2025-10-20 22:48:48,777 - safe_zone - INFO - Safe Zone API Server stopped
2025-10-20 22:48:49,487 - safe_zone - INFO - Logging setup completed
2025-10-20 22:48:49,794 - safe_zone - INFO - Logging setup completed
2025-10-20 22:48:49,899 - safe_zone - INFO - Starting Safe Zone API Server
2025-10-20 22:48:49,899 - safe_zone.database - INFO - Attempting to connect to: 127.0.0.1:5433/safe_zone
2025-10-20 22:48:49,940 - safe_zone.database - INFO - Database connection pool created successfully
2025-10-20 22:48:49,942 - safe_zone.database - INFO - Database timezone configured: UTC
2025-10-20 22:48:49,942 - safe_zone.database - INFO - Current database time (UTC): 2025-10-20 18:48:49.941904+00:00
2025-10-20 22:48:49,944 - safe_zone.database - INFO - Timezone-aware timestamp: 2025-10-20 18:48:49.943316+00:00
2025-10-20 22:48:49,946 - safe_zone.database - INFO - Timezone conversion test passed: False
2025-10-20 22:48:49,947 - safe_zone - INFO - Database connection established
2025-10-20 22:49:05,331 - safe_zone.database - INFO - Database connection pool closed
2025-10-20 22:49:05,332 - safe_zone - INFO - Database connection closed
2025-10-20 22:49:05,332 - safe_zone - INFO - Safe Zone API Server stopped
2025-10-20 22:49:06,056 - safe_zone - INFO - Logging setup completed
2025-10-20 22:49:06,388 - safe_zone - INFO - Logging setup completed
2025-10-20 22:49:06,499 - safe_zone - INFO - Starting Safe Zone API Server
2025-10-20 22:49:06,500 - safe_zone.database - INFO - Attempting to connect to: 127.0.0.1:5433/safe_zone
2025-10-20 22:49:06,541 - safe_zone.database - INFO - Database connection pool created successfully
2025-10-20 22:49:06,543 - safe_zone.database - INFO - Database timezone configured: UTC
2025-10-20 22:49:06,544 - safe_zone.database - INFO - Current database time (UTC): 2025-10-20 18:49:06.542974+00:00
2025-10-20 22:49:06,545 - safe_zone.database - INFO - Timezone-aware timestamp: 2025-10-20 18:49:06.544385+00:00
2025-10-20 22:49:06,547 - safe_zone.database - INFO - Timezone conversion test passed: False
2025-10-20 22:49:06,547 - safe_zone - INFO - Database connection established
2025-10-20 22:50:07,765 - safe_zone.database - INFO - Database connection pool closed
2025-10-20 22:50:07,766 - safe_zone - INFO - Database connection closed
2025-10-20 22:50:07,767 - safe_zone - INFO - Safe Zone API Server stopped
2025-10-20 22:50:08,489 - safe_zone - INFO - Logging setup completed
2025-10-20 22:50:08,818 - safe_zone - INFO - Logging setup completed
2025-10-20 22:50:08,964 - safe_zone - INFO - Starting Safe Zone API Server
2025-10-20 22:50:08,965 - safe_zone.database - INFO - Attempting to connect to: 127.0.0.1:5433/safe_zone
2025-10-20 22:50:09,008 - safe_zone.database - INFO - Database connection pool created successfully
2025-10-20 22:50:09,010 - safe_zone.database - INFO - Database timezone configured: UTC
2025-10-20 22:50:09,011 - safe_zone.database - INFO - Current database time (UTC): 2025-10-20 18:50:09.010347+00:00
2025-10-20 22:50:09,012 - safe_zone.database - INFO - Timezone-aware timestamp: 2025-10-20 18:50:09.011443+00:00
2025-10-20 22:50:09,014 - safe_zone.database - INFO - Timezone conversion test passed: False
2025-10-20 22:50:09,014 - safe_zone - INFO - Database connection established
2025-10-20 22:50:53,179 - safe_zone.database - INFO - Database connection pool closed
2025-10-20 22:50:53,181 - safe_zone - INFO - Database connection closed
2025-10-20 22:50:53,181 - safe_zone - INFO - Safe Zone API Server stopped
2025-10-20 22:50:53,888 - safe_zone - INFO - Logging setup completed
2025-10-20 22:50:54,204 - safe_zone - INFO - Logging setup completed
2025-10-20 22:50:54,306 - safe_zone - INFO - Starting Safe Zone API Server
2025-10-20 22:50:54,306 - safe_zone.database - INFO - Attempting to connect to: 127.0.0.1:5433/safe_zone
2025-10-20 22:50:54,347 - safe_zone.database - INFO - Database connection pool created successfully
2025-10-20 22:50:54,351 - safe_zone.database - INFO - Database timezone configured: UTC
2025-10-20 22:50:54,351 - safe_zone.database - INFO - Current database time (UTC): 2025-10-20 18:50:54.349247+00:00
2025-10-20 22:50:54,352 - safe_zone.database - INFO - Timezone-aware timestamp: 2025-10-20 18:50:54.351767+00:00
2025-10-20 22:50:54,353 - safe_zone.database - INFO - Timezone conversion test passed: False
2025-10-20 22:50:54,354 - safe_zone - INFO - Database connection established
2025-10-20 22:51:29,000 - safe_zone.database - INFO - Database connection pool closed
2025-10-20 22:51:29,000 - safe_zone - INFO - Database connection closed
2025-10-20 22:51:29,000 - safe_zone - INFO - Safe Zone API Server stopped
2025-10-20 22:51:29,763 - safe_zone - INFO - Logging setup completed
2025-10-20 22:54:00,828 - safe_zone - INFO - Logging setup completed
2025-10-20 22:54:01,405 - safe_zone - INFO - Logging setup completed
2025-10-20 22:54:01,493 - safe_zone - INFO - Starting Safe Zone API Server
2025-10-20 22:54:01,494 - safe_zone.database - INFO - Attempting to connect to: 127.0.0.1:5433/safe_zone
2025-10-20 22:54:01,534 - safe_zone.database - INFO - Database connection pool created successfully
2025-10-20 22:54:01,537 - safe_zone.database - INFO - Database timezone configured: UTC
2025-10-20 22:54:01,537 - safe_zone.database - INFO - Current database time (UTC): 2025-10-20 18:54:01.536655+00:00
2025-10-20 22:54:01,539 - safe_zone.database - INFO - Timezone-aware timestamp: 2025-10-20 18:54:01.538129+00:00
2025-10-20 22:54:01,540 - safe_zone.database - INFO - Timezone conversion test passed: False
2025-10-20 22:54:01,541 - safe_zone - INFO - Database connection established
2025-10-20 23:03:57,324 - safe_zone.database - INFO - Database connection pool closed
2025-10-20 23:03:57,324 - safe_zone - INFO - Database connection closed
2025-10-20 23:03:57,325 - safe_zone - INFO - Safe Zone API Server stopped
2025-10-20 23:03:58,134 - safe_zone - INFO - Logging setup completed
2025-10-20 23:03:58,664 - safe_zone - INFO - Logging setup completed
2025-10-20 23:03:58,760 - safe_zone - INFO - Starting Safe Zone API Server
2025-10-20 23:03:58,760 - safe_zone.database - INFO - Attempting to connect to: 127.0.0.1:5433/safe_zone
2025-10-20 23:03:58,801 - safe_zone.database - INFO - Database connection pool created successfully
2025-10-20 23:03:58,805 - safe_zone.database - INFO - Database timezone configured: UTC
2025-10-20 23:03:58,805 - safe_zone.database - INFO - Current database time (UTC): 2025-10-20 19:03:58.803128+00:00
2025-10-20 23:03:58,806 - safe_zone.database - INFO - Timezone-aware timestamp: 2025-10-20 19:03:58.805990+00:00
2025-10-20 23:03:58,808 - safe_zone.database - INFO - Timezone conversion test passed: False
2025-10-20 23:03:58,811 - safe_zone - INFO - Database connection established
2025-10-20 23:04:38,829 - safe_zone.database - INFO - Database connection pool closed
2025-10-20 23:04:38,831 - safe_zone - INFO - Database connection closed
2025-10-20 23:04:38,831 - safe_zone - INFO - Safe Zone API Server stopped
2025-10-20 23:04:39,615 - safe_zone - INFO - Logging setup completed
2025-10-20 23:04:40,145 - safe_zone - INFO - Logging setup completed
2025-10-20 23:04:40,233 - safe_zone - INFO - Starting Safe Zone API Server
2025-10-20 23:04:40,234 - safe_zone.database - INFO - Attempting to connect to: 127.0.0.1:5433/safe_zone
2025-10-20 23:04:40,275 - safe_zone.database - INFO - Database connection pool created successfully
2025-10-20 23:04:40,279 - safe_zone.database - INFO - Database timezone configured: UTC
2025-10-20 23:04:40,279 - safe_zone.database - INFO - Current database time (UTC): 2025-10-20 19:04:40.277280+00:00
2025-10-20 23:04:40,281 - safe_zone.database - INFO - Timezone-aware timestamp: 2025-10-20 19:04:40.280485+00:00
2025-10-20 23:04:40,284 - safe_zone.database - INFO - Timezone conversion test passed: False
2025-10-20 23:04:40,285 - safe_zone - INFO - Database connection established
2025-10-20 23:05:07,671 - safe_zone.database - INFO - Database connection pool closed
2025-10-20 23:05:07,672 - safe_zone - INFO - Database connection closed
2025-10-20 23:05:07,672 - safe_zone - INFO - Safe Zone API Server stopped
2025-10-20 23:05:08,446 - safe_zone - INFO - Logging setup completed
2025-10-20 23:05:08,950 - safe_zone - INFO - Logging setup completed
2025-10-20 23:05:09,034 - safe_zone - INFO - Starting Safe Zone API Server
2025-10-20 23:05:09,034 - safe_zone.database - INFO - Attempting to connect to: 127.0.0.1:5433/safe_zone
2025-10-20 23:05:09,073 - safe_zone.database - INFO - Database connection pool created successfully
2025-10-20 23:05:09,076 - safe_zone.database - INFO - Database timezone configured: UTC
2025-10-20 23:05:09,076 - safe_zone.database - INFO - Current database time (UTC): 2025-10-20 19:05:09.075750+00:00
2025-10-20 23:05:09,078 - safe_zone.database - INFO - Timezone-aware timestamp: 2025-10-20 19:05:09.077167+00:00
2025-10-20 23:05:09,080 - safe_zone.database - INFO - Timezone conversion test passed: False
2025-10-20 23:05:09,080 - safe_zone - INFO - Database connection established
2025-10-20 23:07:34,186 - safe_zone.database - INFO - Database connection pool closed
2025-10-20 23:07:34,186 - safe_zone - INFO - Database connection closed
2025-10-20 23:07:34,187 - safe_zone - INFO - Safe Zone API Server stopped
2025-10-20 23:07:34,979 - safe_zone - INFO - Logging setup completed
2025-10-20 23:07:35,514 - safe_zone - INFO - Logging setup completed
2025-10-20 23:07:35,600 - safe_zone - INFO - Starting Safe Zone API Server
2025-10-20 23:07:35,600 - safe_zone.database - INFO - Attempting to connect to: 127.0.0.1:5433/safe_zone
2025-10-20 23:07:35,641 - safe_zone.database - INFO - Database connection pool created successfully
2025-10-20 23:07:35,643 - safe_zone.database - INFO - Database timezone configured: UTC
2025-10-20 23:07:35,643 - safe_zone.database - INFO - Current database time (UTC): 2025-10-20 19:07:35.642862+00:00
2025-10-20 23:07:35,645 - safe_zone.database - INFO - Timezone-aware timestamp: 2025-10-20 19:07:35.644237+00:00
2025-10-20 23:07:35,647 - safe_zone.database - INFO - Timezone conversion test passed: False
2025-10-20 23:07:35,648 - safe_zone - INFO - Database connection established
2025-10-20 23:14:08,707 - safe_zone.database - INFO - Database connection pool closed
2025-10-20 23:14:08,708 - safe_zone - INFO - Database connection closed
2025-10-20 23:14:08,708 - safe_zone - INFO - Safe Zone API Server stopped
2025-10-20 23:14:09,506 - safe_zone - INFO - Logging setup completed
2025-10-20 23:14:10,013 - safe_zone - INFO - Logging setup completed
2025-10-20 23:14:10,096 - safe_zone - INFO - Starting Safe Zone API Server
2025-10-20 23:14:10,096 - safe_zone.database - INFO - Attempting to connect to: 127.0.0.1:5433/safe_zone
2025-10-20 23:14:10,135 - safe_zone.database - INFO - Database connection pool created successfully
2025-10-20 23:14:10,138 - safe_zone.database - INFO - Database timezone configured: UTC
2025-10-20 23:14:10,138 - safe_zone.database - INFO - Current database time (UTC): 2025-10-20 19:14:10.137080+00:00
2025-10-20 23:14:10,140 - safe_zone.database - INFO - Timezone-aware timestamp: 2025-10-20 19:14:10.138683+00:00
2025-10-20 23:14:10,141 - safe_zone.database - INFO - Timezone conversion test passed: False
2025-10-20 23:14:10,142 - safe_zone - INFO - Database connection established
2025-10-20 23:18:51,101 - safe_zone.database - INFO - Database connection pool closed
2025-10-20 23:18:51,102 - safe_zone - INFO - Database connection closed
2025-10-20 23:18:51,102 - safe_zone - INFO - Safe Zone API Server stopped
2025-10-20 23:18:51,905 - safe_zone - INFO - Logging setup completed
2025-10-20 23:18:52,465 - safe_zone - INFO - Logging setup completed
2025-10-20 23:18:52,556 - safe_zone - INFO - Starting Safe Zone API Server
2025-10-20 23:18:52,556 - safe_zone.database - INFO - Attempting to connect to: 127.0.0.1:5433/safe_zone
2025-10-20 23:18:52,597 - safe_zone.database - INFO - Database connection pool created successfully
2025-10-20 23:18:52,600 - safe_zone.database - INFO - Database timezone configured: UTC
2025-10-20 23:18:52,600 - safe_zone.database - INFO - Current database time (UTC): 2025-10-20 19:18:52.598953+00:00
2025-10-20 23:18:52,602 - safe_zone.database - INFO - Timezone-aware timestamp: 2025-10-20 19:18:52.600610+00:00
2025-10-20 23:18:52,604 - safe_zone.database - INFO - Timezone conversion test passed: False
2025-10-20 23:18:52,604 - safe_zone - INFO - Database connection established
2025-10-20 23:19:25,236 - safe_zone.file_validation - INFO - File validation passed: video, video/mp4, 10485760 bytes
2025-10-20 23:19:25,245 - safe_zone.s3_service - INFO - Generated presigned upload URL for users/d31ce60e-e013-44a9-97e3-dda4ee30d6d2/posts/433c10f4-da69-4161-b542-1d67a20c9531/videos/c414fb0f-4772-477c-9c2c-ec4a70b21970.mp4
2025-10-20 23:19:25,265 - safe_zone.file_validation - ERROR - File validation failed: Unsupported file type: executable
2025-10-20 23:20:41,466 - safe_zone.database - INFO - Database connection pool closed
2025-10-20 23:20:41,466 - safe_zone - INFO - Database connection closed
2025-10-20 23:20:41,466 - safe_zone - INFO - Safe Zone API Server stopped
2025-10-20 23:20:42,283 - safe_zone - INFO - Logging setup completed
2025-10-20 23:20:42,799 - safe_zone - INFO - Logging setup completed
2025-10-20 23:20:42,884 - safe_zone - INFO - Starting Safe Zone API Server
2025-10-20 23:20:42,884 - safe_zone.database - INFO - Attempting to connect to: 127.0.0.1:5433/safe_zone
2025-10-20 23:20:42,923 - safe_zone.database - INFO - Database connection pool created successfully
2025-10-20 23:20:42,926 - safe_zone.database - INFO - Database timezone configured: UTC
2025-10-20 23:20:42,926 - safe_zone.database - INFO - Current database time (UTC): 2025-10-20 19:20:42.925513+00:00
2025-10-20 23:20:42,927 - safe_zone.database - INFO - Timezone-aware timestamp: 2025-10-20 19:20:42.926989+00:00
2025-10-20 23:20:42,930 - safe_zone.database - INFO - Timezone conversion test passed: False
2025-10-20 23:20:42,930 - safe_zone - INFO - Database connection established
2025-10-20 23:39:35,074 - safe_zone.database - INFO - Database connection pool closed
2025-10-20 23:39:35,075 - safe_zone - INFO - Database connection closed
2025-10-20 23:39:35,075 - safe_zone - INFO - Safe Zone API Server stopped
2025-10-20 23:39:35,924 - safe_zone - INFO - Logging setup completed
2025-10-20 23:39:36,444 - safe_zone - INFO - Logging setup completed
2025-10-20 23:39:36,530 - safe_zone - INFO - Starting Safe Zone API Server
2025-10-20 23:39:36,530 - safe_zone.database - INFO - Attempting to connect to: 127.0.0.1:5433/safe_zone
2025-10-20 23:39:36,570 - safe_zone.database - INFO - Database connection pool created successfully
2025-10-20 23:39:36,573 - safe_zone.database - INFO - Database timezone configured: UTC
2025-10-20 23:39:36,573 - safe_zone.database - INFO - Current database time (UTC): 2025-10-20 19:39:36.572185+00:00
2025-10-20 23:39:36,575 - safe_zone.database - INFO - Timezone-aware timestamp: 2025-10-20 19:39:36.573877+00:00
2025-10-20 23:39:36,576 - safe_zone.database - INFO - Timezone conversion test passed: False
2025-10-20 23:39:36,577 - safe_zone - INFO - Database connection established
2025-10-21 06:51:15,542 - safe_zone - INFO - Logging setup completed
2025-10-21 06:51:16,688 - safe_zone - INFO - Logging setup completed
2025-10-21 06:51:16,774 - safe_zone - INFO - Starting Safe Zone API Server
2025-10-21 06:51:16,775 - safe_zone.database - INFO - Attempting to connect to: 127.0.0.1:5433/safe_zone
2025-10-21 06:51:16,867 - safe_zone.database - INFO - Database connection pool created successfully
2025-10-21 06:51:16,889 - safe_zone.database - INFO - Database timezone configured: UTC
2025-10-21 06:51:16,889 - safe_zone.database - INFO - Current database time (UTC): 2025-10-21 02:51:16.873993+00:00
2025-10-21 06:51:16,892 - safe_zone.database - INFO - Timezone-aware timestamp: 2025-10-21 02:51:16.889751+00:00
2025-10-21 06:51:16,908 - safe_zone.database - INFO - Timezone conversion test passed: False
2025-10-21 06:51:16,911 - safe_zone - INFO - Database connection established
2025-10-21 07:08:33,797 - safe_zone.file_validation - INFO - File validation passed: video, video/mp4, 10485760 bytes
2025-10-21 07:08:33,812 - safe_zone.s3_service - INFO - Generated presigned upload URL for users/d31ce60e-e013-44a9-97e3-dda4ee30d6d2/posts/b5637688-65fe-475e-8dec-8071af3691d9/videos/11b3bebd-64e1-490e-be15-80a4fad8709d.mp4
2025-10-21 07:08:33,835 - safe_zone.file_validation - ERROR - File validation failed: Unsupported file type: executable
2025-10-21 07:10:00,915 - safe_zone.database - INFO - Database connection pool closed
2025-10-21 07:10:00,916 - safe_zone - INFO - Database connection closed
2025-10-21 07:10:00,917 - safe_zone - INFO - Safe Zone API Server stopped
2025-10-21 07:10:01,742 - safe_zone - INFO - Logging setup completed
2025-10-21 07:10:02,257 - safe_zone - INFO - Logging setup completed
2025-10-21 07:10:02,340 - safe_zone - INFO - Starting Safe Zone API Server
2025-10-21 07:10:02,340 - safe_zone.database - INFO - Attempting to connect to: 127.0.0.1:5433/safe_zone
2025-10-21 07:10:02,385 - safe_zone.database - INFO - Database connection pool created successfully
2025-10-21 07:10:02,388 - safe_zone.database - INFO - Database timezone configured: UTC
2025-10-21 07:10:02,388 - safe_zone.database - INFO - Current database time (UTC): 2025-10-21 03:10:02.387477+00:00
2025-10-21 07:10:02,390 - safe_zone.database - INFO - Timezone-aware timestamp: 2025-10-21 03:10:02.389140+00:00
2025-10-21 07:10:02,392 - safe_zone.database - INFO - Timezone conversion test passed: False
2025-10-21 07:10:02,393 - safe_zone - INFO - Database connection established
2025-10-21 07:10:02,419 - safe_zone.file_validation - INFO - File validation passed: video, video/mp4, 10485760 bytes
2025-10-21 07:10:02,426 - safe_zone.s3_service - INFO - Generated presigned upload URL for users/d31ce60e-e013-44a9-97e3-dda4ee30d6d2/posts/055c64ec-6a92-4705-a7b2-d41de222dfc7/videos/83126ba0-a6db-47b0-ae21-b37c00aa1738.mp4
2025-10-21 07:12:50,360 - safe_zone.database - INFO - Database connection pool closed
2025-10-21 07:12:50,360 - safe_zone - INFO - Database connection closed
2025-10-21 07:12:50,361 - safe_zone - INFO - Safe Zone API Server stopped
2025-10-21 07:12:51,181 - safe_zone - INFO - Logging setup completed
2025-10-21 07:12:51,695 - safe_zone - INFO - Logging setup completed
2025-10-21 07:12:51,779 - safe_zone - INFO - Starting Safe Zone API Server
2025-10-21 07:12:51,779 - safe_zone.database - INFO - Attempting to connect to: 127.0.0.1:5433/safe_zone
2025-10-21 07:12:51,821 - safe_zone.database - INFO - Database connection pool created successfully
2025-10-21 07:12:51,824 - safe_zone.database - INFO - Database timezone configured: UTC
2025-10-21 07:12:51,824 - safe_zone.database - INFO - Current database time (UTC): 2025-10-21 03:12:51.823623+00:00
2025-10-21 07:12:51,826 - safe_zone.database - INFO - Timezone-aware timestamp: 2025-10-21 03:12:51.825070+00:00
2025-10-21 07:12:51,828 - safe_zone.database - INFO - Timezone conversion test passed: False
2025-10-21 07:12:51,829 - safe_zone - INFO - Database connection established
2025-10-21 07:15:13,518 - safe_zone.database - INFO - Database connection pool closed
2025-10-21 07:15:13,520 - safe_zone - INFO - Database connection closed
2025-10-21 07:15:13,522 - safe_zone - INFO - Safe Zone API Server stopped
2025-10-21 07:15:14,714 - safe_zone - INFO - Logging setup completed
2025-10-21 07:15:15,295 - safe_zone - INFO - Logging setup completed
2025-10-21 07:15:15,388 - safe_zone - INFO - Starting Safe Zone API Server
2025-10-21 07:15:15,388 - safe_zone.database - INFO - Attempting to connect to: 127.0.0.1:5433/safe_zone
2025-10-21 07:15:15,432 - safe_zone.database - INFO - Database connection pool created successfully
2025-10-21 07:15:15,437 - safe_zone.database - INFO - Database timezone configured: UTC
2025-10-21 07:15:15,437 - safe_zone.database - INFO - Current database time (UTC): 2025-10-21 03:15:15.434965+00:00
2025-10-21 07:15:15,438 - safe_zone.database - INFO - Timezone-aware timestamp: 2025-10-21 03:15:15.438012+00:00
2025-10-21 07:15:15,440 - safe_zone.database - INFO - Timezone conversion test passed: False
2025-10-21 07:15:15,441 - safe_zone - INFO - Database connection established
2025-10-21 07:15:45,933 - safe_zone.file_validation - INFO - File validation passed: video, video/mp4, 10485760 bytes
2025-10-21 07:15:45,947 - safe_zone.s3_service - INFO - Generated presigned upload URL for users/d31ce60e-e013-44a9-97e3-dda4ee30d6d2/posts/059df607-38f5-42f1-9678-ec02a3fdb509/videos/7be79e0a-410c-42d7-bbf7-3662502fdae8.mp4
2025-10-21 07:15:45,981 - safe_zone.file_validation - ERROR - File validation failed: Unsupported file type: executable
2025-10-21 07:18:53,315 - safe_zone.database - INFO - Database connection pool closed
2025-10-21 07:18:53,316 - safe_zone - INFO - Database connection closed
2025-10-21 07:18:53,317 - safe_zone - INFO - Safe Zone API Server stopped
2025-10-21 07:18:54,125 - safe_zone - INFO - Logging setup completed
2025-10-21 07:18:54,655 - safe_zone - INFO - Logging setup completed
2025-10-21 07:18:54,743 - safe_zone - INFO - Starting Safe Zone API Server
2025-10-21 07:18:54,743 - safe_zone.database - INFO - Attempting to connect to: 127.0.0.1:5433/safe_zone
2025-10-21 07:18:54,785 - safe_zone.database - INFO - Database connection pool created successfully
2025-10-21 07:18:54,788 - safe_zone.database - INFO - Database timezone configured: UTC
2025-10-21 07:18:54,788 - safe_zone.database - INFO - Current database time (UTC): 2025-10-21 03:18:54.787243+00:00
2025-10-21 07:18:54,789 - safe_zone.database - INFO - Timezone-aware timestamp: 2025-10-21 03:18:54.788567+00:00
2025-10-21 07:18:54,791 - safe_zone.database - INFO - Timezone conversion test passed: False
2025-10-21 07:18:54,792 - safe_zone - INFO - Database connection established
2025-10-21 07:18:54,818 - safe_zone.file_validation - INFO - File validation passed: audio, audio/mpeg, 5242880 bytes
2025-10-21 07:18:54,826 - safe_zone.s3_service - INFO - Generated presigned upload URL for users/d31ce60e-e013-44a9-97e3-dda4ee30d6d2/posts/4404358d-d69c-41d9-9704-56abc1607523/audios/c2570695-3f86-4389-830b-5607fa246a36.mp3
2025-10-21 07:18:54,834 - safe_zone.file_validation - INFO - File validation passed: video, video/mp4, 10485760 bytes
2025-10-21 07:18:54,839 - safe_zone.s3_service - INFO - Generated presigned upload URL for users/d31ce60e-e013-44a9-97e3-dda4ee30d6d2/posts/4404358d-d69c-41d9-9704-56abc1607523/videos/56512f3b-1bdb-4a78-9eec-f38e1dedbe8f.mp4
2025-10-21 07:18:54,848 - safe_zone.file_validation - ERROR - File validation failed: Unsupported file type: executable
2025-10-21 07:19:35,780 - safe_zone.database - INFO - Database connection pool closed
2025-10-21 07:19:35,781 - safe_zone - INFO - Database connection closed
2025-10-21 07:19:35,781 - safe_zone - INFO - Safe Zone API Server stopped
2025-10-21 07:19:36,631 - safe_zone - INFO - Logging setup completed
2025-10-21 07:19:37,136 - safe_zone - INFO - Logging setup completed
2025-10-21 07:19:37,219 - safe_zone - INFO - Starting Safe Zone API Server
2025-10-21 07:19:37,220 - safe_zone.database - INFO - Attempting to connect to: 127.0.0.1:5433/safe_zone
2025-10-21 07:19:37,270 - safe_zone.database - INFO - Database connection pool created successfully
2025-10-21 07:19:37,273 - safe_zone.database - INFO - Database timezone configured: UTC
2025-10-21 07:19:37,273 - safe_zone.database - INFO - Current database time (UTC): 2025-10-21 03:19:37.272084+00:00
2025-10-21 07:19:37,275 - safe_zone.database - INFO - Timezone-aware timestamp: 2025-10-21 03:19:37.274120+00:00
2025-10-21 07:19:37,277 - safe_zone.database - INFO - Timezone conversion test passed: False
2025-10-21 07:19:37,278 - safe_zone - INFO - Database connection established
2025-10-21 08:06:57,155 - safe_zone.database - INFO - Database connection pool closed
2025-10-21 08:06:57,157 - safe_zone - INFO - Database connection closed
2025-10-21 08:06:57,158 - safe_zone - INFO - Safe Zone API Server stopped
2025-10-21 08:06:58,706 - safe_zone - INFO - Logging setup completed
2025-10-21 08:06:59,454 - safe_zone - INFO - Logging setup completed
2025-10-21 08:06:59,554 - safe_zone - INFO - Starting Safe Zone API Server
2025-10-21 08:06:59,555 - safe_zone.database - INFO - Attempting to connect to: 127.0.0.1:5433/safe_zone
2025-10-21 08:06:59,607 - safe_zone.database - INFO - Database connection pool created successfully
2025-10-21 08:06:59,615 - safe_zone.database - INFO - Database timezone configured: UTC
2025-10-21 08:06:59,616 - safe_zone.database - INFO - Current database time (UTC): 2025-10-21 04:06:59.612120+00:00
2025-10-21 08:06:59,617 - safe_zone.database - INFO - Timezone-aware timestamp: 2025-10-21 04:06:59.616370+00:00
2025-10-21 08:06:59,619 - safe_zone.database - INFO - Timezone conversion test passed: False
2025-10-21 08:06:59,620 - safe_zone - INFO - Database connection established
2025-10-21 08:08:07,931 - safe_zone.database - INFO - Database connection pool closed
2025-10-21 08:08:07,931 - safe_zone - INFO - Database connection closed
2025-10-21 08:08:07,932 - safe_zone - INFO - Safe Zone API Server stopped
2025-10-21 08:08:08,864 - safe_zone - INFO - Logging setup completed
2025-10-21 08:08:09,511 - safe_zone - INFO - Logging setup completed
2025-10-21 08:08:09,630 - safe_zone - INFO - Starting Safe Zone API Server
2025-10-21 08:08:09,631 - safe_zone.database - INFO - Attempting to connect to: 127.0.0.1:5433/safe_zone
2025-10-21 08:08:09,691 - safe_zone.database - INFO - Database connection pool created successfully
2025-10-21 08:08:09,697 - safe_zone.database - INFO - Database timezone configured: UTC
2025-10-21 08:08:09,697 - safe_zone.database - INFO - Current database time (UTC): 2025-10-21 04:08:09.695507+00:00
2025-10-21 08:08:09,699 - safe_zone.database - INFO - Timezone-aware timestamp: 2025-10-21 04:08:09.698413+00:00
2025-10-21 08:08:09,702 - safe_zone.database - INFO - Timezone conversion test passed: False
2025-10-21 08:08:09,704 - safe_zone - INFO - Database connection established
2025-10-21 08:08:52,342 - safe_zone.database - INFO - Database connection pool closed
2025-10-21 08:08:52,342 - safe_zone - INFO - Database connection closed
2025-10-21 08:08:52,343 - safe_zone - INFO - Safe Zone API Server stopped
2025-10-21 08:08:53,196 - safe_zone - INFO - Logging setup completed
2025-10-21 08:08:53,811 - safe_zone - INFO - Logging setup completed
2025-10-21 08:08:53,904 - safe_zone - INFO - Starting Safe Zone API Server
2025-10-21 08:08:53,904 - safe_zone.database - INFO - Attempting to connect to: 127.0.0.1:5433/safe_zone
2025-10-21 08:08:53,949 - safe_zone.database - INFO - Database connection pool created successfully
2025-10-21 08:08:53,952 - safe_zone.database - INFO - Database timezone configured: UTC
2025-10-21 08:08:53,953 - safe_zone.database - INFO - Current database time (UTC): 2025-10-21 04:08:53.951950+00:00
2025-10-21 08:08:53,954 - safe_zone.database - INFO - Timezone-aware timestamp: 2025-10-21 04:08:53.953436+00:00
2025-10-21 08:08:53,956 - safe_zone.database - INFO - Timezone conversion test passed: False
2025-10-21 08:08:53,957 - safe_zone - INFO - Database connection established
2025-10-21 08:09:26,176 - safe_zone.database - INFO - Database connection pool closed
2025-10-21 08:09:26,176 - safe_zone - INFO - Database connection closed
2025-10-21 08:09:26,177 - safe_zone - INFO - Safe Zone API Server stopped
2025-10-21 08:09:27,017 - safe_zone - INFO - Logging setup completed
2025-10-21 08:09:27,564 - safe_zone - INFO - Logging setup completed
2025-10-21 08:09:27,656 - safe_zone - INFO - Starting Safe Zone API Server
2025-10-21 08:09:27,656 - safe_zone.database - INFO - Attempting to connect to: 127.0.0.1:5433/safe_zone
2025-10-21 08:09:27,703 - safe_zone.database - INFO - Database connection pool created successfully
2025-10-21 08:09:27,706 - safe_zone.database - INFO - Database timezone configured: UTC
2025-10-21 08:09:27,706 - safe_zone.database - INFO - Current database time (UTC): 2025-10-21 04:09:27.705245+00:00
2025-10-21 08:09:27,708 - safe_zone.database - INFO - Timezone-aware timestamp: 2025-10-21 04:09:27.707245+00:00
2025-10-21 08:09:27,710 - safe_zone.database - INFO - Timezone conversion test passed: False
2025-10-21 08:09:27,711 - safe_zone - INFO - Database connection established
2025-10-21 08:10:24,371 - safe_zone.database - INFO - Database connection pool closed
2025-10-21 08:10:24,371 - safe_zone - INFO - Database connection closed
2025-10-21 08:10:24,372 - safe_zone - INFO - Safe Zone API Server stopped
2025-10-21 08:10:25,205 - safe_zone - INFO - Logging setup completed
2025-10-21 08:10:25,787 - safe_zone - INFO - Logging setup completed
2025-10-21 08:10:25,878 - safe_zone - INFO - Starting Safe Zone API Server
2025-10-21 08:10:25,878 - safe_zone.database - INFO - Attempting to connect to: 127.0.0.1:5433/safe_zone
2025-10-21 08:10:25,920 - safe_zone.database - INFO - Database connection pool created successfully
2025-10-21 08:10:25,923 - safe_zone.database - INFO - Database timezone configured: UTC
2025-10-21 08:10:25,923 - safe_zone.database - INFO - Current database time (UTC): 2025-10-21 04:10:25.922769+00:00
2025-10-21 08:10:25,926 - safe_zone.database - INFO - Timezone-aware timestamp: 2025-10-21 04:10:25.924743+00:00
2025-10-21 08:10:25,927 - safe_zone.database - INFO - Timezone conversion test passed: False
2025-10-21 08:10:25,928 - safe_zone - INFO - Database connection established
2025-10-21 08:15:41,112 - safe_zone.database - INFO - Database connection pool closed
2025-10-21 08:15:41,113 - safe_zone - INFO - Database connection closed
2025-10-21 08:15:41,114 - safe_zone - INFO - Safe Zone API Server stopped
2025-10-21 08:15:41,998 - safe_zone - INFO - Logging setup completed
2025-10-21 08:15:42,582 - safe_zone - INFO - Logging setup completed
2025-10-21 08:15:42,685 - safe_zone - INFO - Starting Safe Zone API Server
2025-10-21 08:15:42,686 - safe_zone.database - INFO - Attempting to connect to: 127.0.0.1:5433/safe_zone
2025-10-21 08:15:42,736 - safe_zone.database - INFO - Database connection pool created successfully
2025-10-21 08:15:42,739 - safe_zone.database - INFO - Database timezone configured: UTC
2025-10-21 08:15:42,739 - safe_zone.database - INFO - Current database time (UTC): 2025-10-21 04:15:42.738280+00:00
2025-10-21 08:15:42,740 - safe_zone.database - INFO - Timezone-aware timestamp: 2025-10-21 04:15:42.739679+00:00
2025-10-21 08:15:42,743 - safe_zone.database - INFO - Timezone conversion test passed: False
2025-10-21 08:15:42,744 - safe_zone - INFO - Database connection established
2025-10-21 08:19:30,273 - safe_zone.database - INFO - Database connection pool closed
2025-10-21 08:19:30,273 - safe_zone - INFO - Database connection closed
2025-10-21 08:19:30,273 - safe_zone - INFO - Safe Zone API Server stopped
2025-10-21 08:19:31,118 - safe_zone - INFO - Logging setup completed
2025-10-21 08:19:31,675 - safe_zone - INFO - Logging setup completed
2025-10-21 08:19:31,793 - safe_zone - INFO - Starting Safe Zone API Server
2025-10-21 08:19:31,793 - safe_zone.database - INFO - Attempting to connect to: 127.0.0.1:5433/safe_zone
2025-10-21 08:19:31,837 - safe_zone.database - INFO - Database connection pool created successfully
2025-10-21 08:19:31,840 - safe_zone.database - INFO - Database timezone configured: UTC
2025-10-21 08:19:31,840 - safe_zone.database - INFO - Current database time (UTC): 2025-10-21 04:19:31.839572+00:00
2025-10-21 08:19:31,843 - safe_zone.database - INFO - Timezone-aware timestamp: 2025-10-21 04:19:31.841370+00:00
2025-10-21 08:19:31,844 - safe_zone.database - INFO - Timezone conversion test passed: False
2025-10-21 08:19:31,845 - safe_zone - INFO - Database connection established
2025-10-21 08:21:40,261 - safe_zone.database - INFO - Database connection pool closed
2025-10-21 08:21:40,263 - safe_zone - INFO - Database connection closed
2025-10-21 08:21:40,263 - safe_zone - INFO - Safe Zone API Server stopped
2025-10-21 08:21:41,146 - safe_zone - INFO - Logging setup completed
2025-10-21 08:21:41,702 - safe_zone - INFO - Logging setup completed
2025-10-21 08:21:41,795 - safe_zone - INFO - Starting Safe Zone API Server
2025-10-21 08:21:41,795 - safe_zone.database - INFO - Attempting to connect to: 127.0.0.1:5433/safe_zone
2025-10-21 08:21:41,840 - safe_zone.database - INFO - Database connection pool created successfully
2025-10-21 08:21:41,843 - safe_zone.database - INFO - Database timezone configured: UTC
2025-10-21 08:21:41,844 - safe_zone.database - INFO - Current database time (UTC): 2025-10-21 04:21:41.842959+00:00
2025-10-21 08:21:41,846 - safe_zone.database - INFO - Timezone-aware timestamp: 2025-10-21 04:21:41.844617+00:00
2025-10-21 08:21:41,847 - safe_zone.database - INFO - Timezone conversion test passed: False
2025-10-21 08:21:41,848 - safe_zone - INFO - Database connection established
2025-10-21 08:24:21,510 - safe_zone.database - INFO - Database connection pool closed
2025-10-21 08:24:21,510 - safe_zone - INFO - Database connection closed
2025-10-21 08:24:21,511 - safe_zone - INFO - Safe Zone API Server stopped
2025-10-21 08:24:22,300 - safe_zone - INFO - Logging setup completed
2025-10-21 08:24:22,819 - safe_zone - INFO - Logging setup completed
2025-10-21 08:24:22,906 - safe_zone - INFO - Starting Safe Zone API Server
2025-10-21 08:24:22,906 - safe_zone.database - INFO - Attempting to connect to: 127.0.0.1:5433/safe_zone
2025-10-21 08:24:22,945 - safe_zone.database - INFO - Database connection pool created successfully
2025-10-21 08:24:22,947 - safe_zone.database - INFO - Database timezone configured: UTC
2025-10-21 08:24:22,947 - safe_zone.database - INFO - Current database time (UTC): 2025-10-21 04:24:22.946753+00:00
2025-10-21 08:24:22,948 - safe_zone.database - INFO - Timezone-aware timestamp: 2025-10-21 04:24:22.948052+00:00
2025-10-21 08:24:22,950 - safe_zone.database - INFO - Timezone conversion test passed: False
2025-10-21 08:24:22,951 - safe_zone - INFO - Database connection established
2025-10-21 08:25:34,983 - safe_zone.database - INFO - Database connection pool closed
2025-10-21 08:25:34,984 - safe_zone - INFO - Database connection closed
2025-10-21 08:25:34,984 - safe_zone - INFO - Safe Zone API Server stopped
2025-10-21 08:25:36,688 - safe_zone - INFO - Logging setup completed
2025-10-21 08:25:37,227 - safe_zone - INFO - Logging setup completed
2025-10-21 08:25:37,321 - safe_zone - INFO - Starting Safe Zone API Server
2025-10-21 08:25:37,321 - safe_zone.database - INFO - Attempting to connect to: 127.0.0.1:5433/safe_zone
2025-10-21 08:25:37,362 - safe_zone.database - INFO - Database connection pool created successfully
2025-10-21 08:25:37,366 - safe_zone.database - INFO - Database timezone configured: UTC
2025-10-21 08:25:37,366 - safe_zone.database - INFO - Current database time (UTC): 2025-10-21 04:25:37.364783+00:00
2025-10-21 08:25:37,368 - safe_zone.database - INFO - Timezone-aware timestamp: 2025-10-21 04:25:37.366852+00:00
2025-10-21 08:25:37,370 - safe_zone.database - INFO - Timezone conversion test passed: False
2025-10-21 08:25:37,371 - safe_zone - INFO - Database connection established
2025-10-21 08:29:42,056 - safe_zone.database - INFO - Database connection pool closed
2025-10-21 08:29:42,056 - safe_zone - INFO - Database connection closed
2025-10-21 08:29:42,056 - safe_zone - INFO - Safe Zone API Server stopped
2025-10-21 08:29:43,441 - safe_zone - INFO - Logging setup completed
2025-10-21 08:29:43,938 - safe_zone - INFO - Logging setup completed
2025-10-21 08:29:44,022 - safe_zone - INFO - Starting Safe Zone API Server
2025-10-21 08:29:44,022 - safe_zone.database - INFO - Attempting to connect to: 127.0.0.1:5433/safe_zone
2025-10-21 08:29:44,063 - safe_zone.database - INFO - Database connection pool created successfully
2025-10-21 08:29:44,065 - safe_zone.database - INFO - Database timezone configured: UTC
2025-10-21 08:29:44,066 - safe_zone.database - INFO - Current database time (UTC): 2025-10-21 04:29:44.064886+00:00
2025-10-21 08:29:44,067 - safe_zone.database - INFO - Timezone-aware timestamp: 2025-10-21 04:29:44.066360+00:00
2025-10-21 08:29:44,069 - safe_zone.database - INFO - Timezone conversion test passed: False
2025-10-21 08:29:44,070 - safe_zone - INFO - Database connection established
2025-10-21 08:38:27,041 - safe_zone.database - INFO - Database connection pool closed
2025-10-21 08:38:27,042 - safe_zone - INFO - Database connection closed
2025-10-21 08:38:27,042 - safe_zone - INFO - Safe Zone API Server stopped
2025-10-21 08:38:27,917 - safe_zone - INFO - Logging setup completed
2025-10-21 08:38:28,478 - safe_zone - INFO - Logging setup completed
2025-10-21 08:38:28,599 - safe_zone - INFO - Starting Safe Zone API Server
2025-10-21 08:38:28,599 - safe_zone.database - INFO - Attempting to connect to: 127.0.0.1:5433/safe_zone
2025-10-21 08:38:28,644 - safe_zone.database - INFO - Database connection pool created successfully
2025-10-21 08:38:28,648 - safe_zone.database - INFO - Database timezone configured: UTC
2025-10-21 08:38:28,648 - safe_zone.database - INFO - Current database time (UTC): 2025-10-21 04:38:28.646627+00:00
2025-10-21 08:38:28,650 - safe_zone.database - INFO - Timezone-aware timestamp: 2025-10-21 04:38:28.649439+00:00
2025-10-21 08:38:28,651 - safe_zone.database - INFO - Timezone conversion test passed: False
2025-10-21 08:38:28,652 - safe_zone - INFO - Database connection established
2025-10-21 08:39:26,102 - safe_zone.database - INFO - Database connection pool closed
2025-10-21 08:39:26,103 - safe_zone - INFO - Database connection closed
2025-10-21 08:39:26,103 - safe_zone - INFO - Safe Zone API Server stopped
2025-10-21 08:39:26,915 - safe_zone - INFO - Logging setup completed
2025-10-21 08:39:27,504 - safe_zone - INFO - Logging setup completed
2025-10-21 08:39:27,629 - safe_zone - INFO - Starting Safe Zone API Server
2025-10-21 08:39:27,630 - safe_zone.database - INFO - Attempting to connect to: 127.0.0.1:5433/safe_zone
2025-10-21 08:39:27,671 - safe_zone.database - INFO - Database connection pool created successfully
2025-10-21 08:39:27,673 - safe_zone.database - INFO - Database timezone configured: UTC
2025-10-21 08:39:27,674 - safe_zone.database - INFO - Current database time (UTC): 2025-10-21 04:39:27.672817+00:00
2025-10-21 08:39:27,676 - safe_zone.database - INFO - Timezone-aware timestamp: 2025-10-21 04:39:27.674447+00:00
2025-10-21 08:39:27,677 - safe_zone.database - INFO - Timezone conversion test passed: False
2025-10-21 08:39:27,678 - safe_zone - INFO - Database connection established
2025-10-21 08:40:33,578 - safe_zone.database - INFO - Database connection pool closed
2025-10-21 08:40:33,578 - safe_zone - INFO - Database connection closed
2025-10-21 08:40:33,578 - safe_zone - INFO - Safe Zone API Server stopped
2025-10-21 08:40:34,371 - safe_zone - INFO - Logging setup completed
2025-10-21 08:40:34,964 - safe_zone - INFO - Logging setup completed
2025-10-21 08:40:35,058 - safe_zone - INFO - Starting Safe Zone API Server
2025-10-21 08:40:35,058 - safe_zone.database - INFO - Attempting to connect to: 127.0.0.1:5433/safe_zone
2025-10-21 08:40:35,099 - safe_zone.database - INFO - Database connection pool created successfully
2025-10-21 08:40:35,102 - safe_zone.database - INFO - Database timezone configured: UTC
2025-10-21 08:40:35,103 - safe_zone.database - INFO - Current database time (UTC): 2025-10-21 04:40:35.101326+00:00
2025-10-21 08:40:35,104 - safe_zone.database - INFO - Timezone-aware timestamp: 2025-10-21 04:40:35.104112+00:00
2025-10-21 08:40:35,106 - safe_zone.database - INFO - Timezone conversion test passed: False
2025-10-21 08:40:35,107 - safe_zone - INFO - Database connection established
2025-10-21 08:41:12,766 - safe_zone.database - INFO - Database connection pool closed
2025-10-21 08:41:12,766 - safe_zone - INFO - Database connection closed
2025-10-21 08:41:12,766 - safe_zone - INFO - Safe Zone API Server stopped
2025-10-21 08:41:13,560 - safe_zone - INFO - Logging setup completed
2025-10-21 08:41:14,096 - safe_zone - INFO - Logging setup completed
2025-10-21 08:41:14,186 - safe_zone - INFO - Starting Safe Zone API Server
2025-10-21 08:41:14,186 - safe_zone.database - INFO - Attempting to connect to: 127.0.0.1:5433/safe_zone
2025-10-21 08:41:14,226 - safe_zone.database - INFO - Database connection pool created successfully
2025-10-21 08:41:14,228 - safe_zone.database - INFO - Database timezone configured: UTC
2025-10-21 08:41:14,228 - safe_zone.database - INFO - Current database time (UTC): 2025-10-21 04:41:14.227878+00:00
2025-10-21 08:41:14,230 - safe_zone.database - INFO - Timezone-aware timestamp: 2025-10-21 04:41:14.229335+00:00
2025-10-21 08:41:14,232 - safe_zone.database - INFO - Timezone conversion test passed: False
2025-10-21 08:41:14,232 - safe_zone - INFO - Database connection established
2025-10-21 08:45:55,770 - safe_zone.database - INFO - Database connection pool closed
2025-10-21 08:45:55,770 - safe_zone - INFO - Database connection closed
2025-10-21 08:45:55,770 - safe_zone - INFO - Safe Zone API Server stopped
2025-10-21 08:45:56,596 - safe_zone - INFO - Logging setup completed
2025-10-21 08:45:57,115 - safe_zone - INFO - Logging setup completed
2025-10-21 08:45:57,200 - safe_zone - INFO - Starting Safe Zone API Server
2025-10-21 08:45:57,200 - safe_zone.database - INFO - Attempting to connect to: 127.0.0.1:5433/safe_zone
2025-10-21 08:45:57,239 - safe_zone.database - INFO - Database connection pool created successfully
2025-10-21 08:45:57,242 - safe_zone.database - INFO - Database timezone configured: UTC
2025-10-21 08:45:57,242 - safe_zone.database - INFO - Current database time (UTC): 2025-10-21 04:45:57.241326+00:00
2025-10-21 08:45:57,243 - safe_zone.database - INFO - Timezone-aware timestamp: 2025-10-21 04:45:57.242807+00:00
2025-10-21 08:45:57,245 - safe_zone.database - INFO - Timezone conversion test passed: False
2025-10-21 08:45:57,246 - safe_zone - INFO - Database connection established
2025-10-21 08:46:28,203 - safe_zone.database - INFO - Database connection pool closed
2025-10-21 08:46:28,203 - safe_zone - INFO - Database connection closed
2025-10-21 08:46:28,203 - safe_zone - INFO - Safe Zone API Server stopped
2025-10-21 08:46:28,971 - safe_zone - INFO - Logging setup completed
2025-10-21 08:46:29,486 - safe_zone - INFO - Logging setup completed
2025-10-21 08:46:29,567 - safe_zone - INFO - Starting Safe Zone API Server
2025-10-21 08:46:29,567 - safe_zone.database - INFO - Attempting to connect to: 127.0.0.1:5433/safe_zone
2025-10-21 08:46:29,616 - safe_zone.database - INFO - Database connection pool created successfully
2025-10-21 08:46:29,619 - safe_zone.database - INFO - Database timezone configured: UTC
2025-10-21 08:46:29,619 - safe_zone.database - INFO - Current database time (UTC): 2025-10-21 04:46:29.618633+00:00
2025-10-21 08:46:29,622 - safe_zone.database - INFO - Timezone-aware timestamp: 2025-10-21 04:46:29.620330+00:00
2025-10-21 08:46:29,623 - safe_zone.database - INFO - Timezone conversion test passed: False
2025-10-21 08:46:29,624 - safe_zone - INFO - Database connection established
2025-10-21 08:53:00,960 - safe_zone.database - INFO - Database connection pool closed
2025-10-21 08:53:00,961 - safe_zone - INFO - Database connection closed
2025-10-21 08:53:00,961 - safe_zone - INFO - Safe Zone API Server stopped
2025-10-21 08:53:01,757 - safe_zone - INFO - Logging setup completed
2025-10-21 08:53:02,304 - safe_zone - INFO - Logging setup completed
2025-10-21 08:53:02,393 - safe_zone - INFO - Starting Safe Zone API Server
2025-10-21 08:53:02,393 - safe_zone.database - INFO - Attempting to connect to: 127.0.0.1:5433/safe_zone
2025-10-21 08:53:02,432 - safe_zone.database - INFO - Database connection pool created successfully
2025-10-21 08:53:02,436 - safe_zone.database - INFO - Database timezone configured: UTC
2025-10-21 08:53:02,436 - safe_zone.database - INFO - Current database time (UTC): 2025-10-21 04:53:02.435264+00:00
2025-10-21 08:53:02,438 - safe_zone.database - INFO - Timezone-aware timestamp: 2025-10-21 04:53:02.437572+00:00
2025-10-21 08:53:02,440 - safe_zone.database - INFO - Timezone conversion test passed: False
2025-10-21 08:53:02,441 - safe_zone - INFO - Database connection established
2025-10-21 08:53:42,348 - safe_zone.database - INFO - Database connection pool closed
2025-10-21 08:53:42,348 - safe_zone - INFO - Database connection closed
2025-10-21 08:53:42,348 - safe_zone - INFO - Safe Zone API Server stopped
2025-10-21 08:53:43,114 - safe_zone - INFO - Logging setup completed
2025-10-21 08:53:43,635 - safe_zone - INFO - Logging setup completed
2025-10-21 08:53:43,716 - safe_zone - INFO - Starting Safe Zone API Server
2025-10-21 08:53:43,716 - safe_zone.database - INFO - Attempting to connect to: 127.0.0.1:5433/safe_zone
2025-10-21 08:53:43,755 - safe_zone.database - INFO - Database connection pool created successfully
2025-10-21 08:53:43,758 - safe_zone.database - INFO - Database timezone configured: UTC
2025-10-21 08:53:43,758 - safe_zone.database - INFO - Current database time (UTC): 2025-10-21 04:53:43.757082+00:00
2025-10-21 08:53:43,759 - safe_zone.database - INFO - Timezone-aware timestamp: 2025-10-21 04:53:43.758672+00:00
2025-10-21 08:53:43,761 - safe_zone.database - INFO - Timezone conversion test passed: False
2025-10-21 08:53:43,762 - safe_zone - INFO - Database connection established
2025-10-21 08:54:18,561 - safe_zone.database - INFO - Database connection pool closed
2025-10-21 08:54:18,561 - safe_zone - INFO - Database connection closed
2025-10-21 08:54:18,561 - safe_zone - INFO - Safe Zone API Server stopped
2025-10-21 08:54:19,370 - safe_zone - INFO - Logging setup completed
2025-10-21 08:54:19,897 - safe_zone - INFO - Logging setup completed
2025-10-21 08:54:19,986 - safe_zone - INFO - Starting Safe Zone API Server
2025-10-21 08:54:19,986 - safe_zone.database - INFO - Attempting to connect to: 127.0.0.1:5433/safe_zone
2025-10-21 08:54:20,025 - safe_zone.database - INFO - Database connection pool created successfully
2025-10-21 08:54:20,028 - safe_zone.database - INFO - Database timezone configured: UTC
2025-10-21 08:54:20,029 - safe_zone.database - INFO - Current database time (UTC): 2025-10-21 04:54:20.027913+00:00
2025-10-21 08:54:20,030 - safe_zone.database - INFO - Timezone-aware timestamp: 2025-10-21 04:54:20.029591+00:00
2025-10-21 08:54:20,032 - safe_zone.database - INFO - Timezone conversion test passed: False
2025-10-21 08:54:20,032 - safe_zone - INFO - Database connection established
2025-10-21 08:54:32,733 - safe_zone.database - INFO - Database connection pool closed
2025-10-21 08:54:32,733 - safe_zone - INFO - Database connection closed
2025-10-21 08:54:32,733 - safe_zone - INFO - Safe Zone API Server stopped
2025-10-21 08:54:33,540 - safe_zone - INFO - Logging setup completed
2025-10-21 08:54:34,041 - safe_zone - INFO - Logging setup completed
2025-10-21 08:54:34,124 - safe_zone - INFO - Starting Safe Zone API Server
2025-10-21 08:54:34,124 - safe_zone.database - INFO - Attempting to connect to: 127.0.0.1:5433/safe_zone
2025-10-21 08:54:34,163 - safe_zone.database - INFO - Database connection pool created successfully
2025-10-21 08:54:34,166 - safe_zone.database - INFO - Database timezone configured: UTC
2025-10-21 08:54:34,166 - safe_zone.database - INFO - Current database time (UTC): 2025-10-21 04:54:34.165513+00:00
2025-10-21 08:54:34,167 - safe_zone.database - INFO - Timezone-aware timestamp: 2025-10-21 04:54:34.166731+00:00
2025-10-21 08:54:34,169 - safe_zone.database - INFO - Timezone conversion test passed: False
2025-10-21 08:54:34,170 - safe_zone - INFO - Database connection established
2025-10-21 08:55:06,630 - safe_zone.database - INFO - Database connection pool closed
2025-10-21 08:55:06,630 - safe_zone - INFO - Database connection closed
2025-10-21 08:55:06,630 - safe_zone - INFO - Safe Zone API Server stopped
2025-10-21 08:55:07,380 - safe_zone - INFO - Logging setup completed
2025-10-21 08:55:07,870 - safe_zone - INFO - Logging setup completed
2025-10-21 08:55:07,951 - safe_zone - INFO - Starting Safe Zone API Server
2025-10-21 08:55:07,951 - safe_zone.database - INFO - Attempting to connect to: 127.0.0.1:5433/safe_zone
2025-10-21 08:55:07,989 - safe_zone.database - INFO - Database connection pool created successfully
2025-10-21 08:55:07,991 - safe_zone.database - INFO - Database timezone configured: UTC
2025-10-21 08:55:07,991 - safe_zone.database - INFO - Current database time (UTC): 2025-10-21 04:55:07.990699+00:00
2025-10-21 08:55:07,992 - safe_zone.database - INFO - Timezone-aware timestamp: 2025-10-21 04:55:07.991915+00:00
2025-10-21 08:55:07,994 - safe_zone.database - INFO - Timezone conversion test passed: False
2025-10-21 08:55:07,995 - safe_zone - INFO - Database connection established
2025-10-21 08:55:45,820 - safe_zone.database - INFO - Database connection pool closed
2025-10-21 08:55:45,821 - safe_zone - INFO - Database connection closed
2025-10-21 08:55:45,821 - safe_zone - INFO - Safe Zone API Server stopped
2025-10-21 08:55:46,658 - safe_zone - INFO - Logging setup completed
2025-10-21 08:55:47,158 - safe_zone - INFO - Logging setup completed
2025-10-21 08:55:47,238 - safe_zone - INFO - Starting Safe Zone API Server
2025-10-21 08:55:47,239 - safe_zone.database - INFO - Attempting to connect to: 127.0.0.1:5433/safe_zone
2025-10-21 08:55:47,277 - safe_zone.database - INFO - Database connection pool created successfully
2025-10-21 08:55:47,280 - safe_zone.database - INFO - Database timezone configured: UTC
2025-10-21 08:55:47,280 - safe_zone.database - INFO - Current database time (UTC): 2025-10-21 04:55:47.279346+00:00
2025-10-21 08:55:47,281 - safe_zone.database - INFO - Timezone-aware timestamp: 2025-10-21 04:55:47.280604+00:00
2025-10-21 08:55:47,283 - safe_zone.database - INFO - Timezone conversion test passed: False
2025-10-21 08:55:47,284 - safe_zone - INFO - Database connection established
2025-10-21 09:06:09,879 - safe_zone.database - INFO - Database connection pool closed
2025-10-21 09:06:09,879 - safe_zone - INFO - Database connection closed
2025-10-21 09:06:09,879 - safe_zone - INFO - Safe Zone API Server stopped
2025-10-21 09:06:10,724 - safe_zone - INFO - Logging setup completed
2025-10-21 09:06:11,235 - safe_zone - INFO - Logging setup completed
2025-10-21 09:06:11,325 - safe_zone - INFO - Starting Safe Zone API Server
2025-10-21 09:06:11,325 - safe_zone.database - INFO - Attempting to connect to: 127.0.0.1:5433/safe_zone
2025-10-21 09:06:11,406 - safe_zone.database - INFO - Database connection pool created successfully
2025-10-21 09:06:11,408 - safe_zone.database - INFO - Database timezone configured: UTC
2025-10-21 09:06:11,409 - safe_zone.database - INFO - Current database time (UTC): 2025-10-21 05:06:11.407944+00:00
2025-10-21 09:06:11,410 - safe_zone.database - INFO - Timezone-aware timestamp: 2025-10-21 05:06:11.409377+00:00
2025-10-21 09:06:11,412 - safe_zone.database - INFO - Timezone conversion test passed: False
2025-10-21 09:06:11,413 - safe_zone - INFO - Database connection established
2025-10-21 09:06:58,262 - safe_zone.database - INFO - Database connection pool closed
2025-10-21 09:06:58,263 - safe_zone - INFO - Database connection closed
2025-10-21 09:06:58,263 - safe_zone - INFO - Safe Zone API Server stopped
2025-10-21 09:06:59,018 - safe_zone - INFO - Logging setup completed
2025-10-21 09:06:59,534 - safe_zone - INFO - Logging setup completed
2025-10-21 09:06:59,615 - safe_zone - INFO - Starting Safe Zone API Server
2025-10-21 09:06:59,615 - safe_zone.database - INFO - Attempting to connect to: 127.0.0.1:5433/safe_zone
2025-10-21 09:06:59,653 - safe_zone.database - INFO - Database connection pool created successfully
2025-10-21 09:06:59,656 - safe_zone.database - INFO - Database timezone configured: UTC
2025-10-21 09:06:59,656 - safe_zone.database - INFO - Current database time (UTC): 2025-10-21 05:06:59.655457+00:00
2025-10-21 09:06:59,658 - safe_zone.database - INFO - Timezone-aware timestamp: 2025-10-21 05:06:59.656918+00:00
2025-10-21 09:06:59,659 - safe_zone.database - INFO - Timezone conversion test passed: False
2025-10-21 09:06:59,660 - safe_zone - INFO - Database connection established
2025-10-21 09:07:55,387 - safe_zone.database - INFO - Database connection pool closed
2025-10-21 09:07:55,387 - safe_zone - INFO - Database connection closed
2025-10-21 09:07:55,388 - safe_zone - INFO - Safe Zone API Server stopped
2025-10-21 09:07:56,170 - safe_zone - INFO - Logging setup completed
2025-10-21 09:07:56,694 - safe_zone - INFO - Logging setup completed
2025-10-21 09:07:56,777 - safe_zone - INFO - Starting Safe Zone API Server
2025-10-21 09:07:56,777 - safe_zone.database - INFO - Attempting to connect to: 127.0.0.1:5433/safe_zone
2025-10-21 09:07:56,815 - safe_zone.database - INFO - Database connection pool created successfully
2025-10-21 09:07:56,818 - safe_zone.database - INFO - Database timezone configured: UTC
2025-10-21 09:07:56,818 - safe_zone.database - INFO - Current database time (UTC): 2025-10-21 05:07:56.817235+00:00
2025-10-21 09:07:56,819 - safe_zone.database - INFO - Timezone-aware timestamp: 2025-10-21 05:07:56.818624+00:00
2025-10-21 09:07:56,821 - safe_zone.database - INFO - Timezone conversion test passed: False
2025-10-21 09:07:56,822 - safe_zone - INFO - Database connection established
2025-10-21 09:14:32,741 - safe_zone.database - INFO - Database connection pool closed
2025-10-21 09:14:32,741 - safe_zone - INFO - Database connection closed
2025-10-21 09:14:32,742 - safe_zone - INFO - Safe Zone API Server stopped
2025-10-21 09:14:33,667 - safe_zone - INFO - Logging setup completed
2025-10-21 09:14:34,246 - safe_zone - INFO - Logging setup completed
2025-10-21 09:14:34,360 - safe_zone - INFO - Starting Safe Zone API Server
2025-10-21 09:14:34,360 - safe_zone.database - INFO - Attempting to connect to: 127.0.0.1:5433/safe_zone
2025-10-21 09:14:34,405 - safe_zone.database - INFO - Database connection pool created successfully
2025-10-21 09:14:34,407 - safe_zone.database - INFO - Database timezone configured: UTC
2025-10-21 09:14:34,407 - safe_zone.database - INFO - Current database time (UTC): 2025-10-21 05:14:34.406510+00:00
2025-10-21 09:14:34,409 - safe_zone.database - INFO - Timezone-aware timestamp: 2025-10-21 05:14:34.408030+00:00
2025-10-21 09:14:34,411 - safe_zone.database - INFO - Timezone conversion test passed: False
2025-10-21 09:14:34,412 - safe_zone - INFO - Database connection established
2025-10-21 09:18:18,920 - safe_zone.database - INFO - Database connection pool closed
2025-10-21 09:18:18,921 - safe_zone - INFO - Database connection closed
2025-10-21 09:18:18,921 - safe_zone - INFO - Safe Zone API Server stopped
2025-10-21 09:18:19,887 - safe_zone - INFO - Logging setup completed
2025-10-21 09:18:44,550 - safe_zone - INFO - Logging setup completed
2025-10-21 09:18:45,136 - safe_zone - INFO - Logging setup completed
2025-10-21 09:18:45,244 - safe_zone - INFO - Starting Safe Zone API Server
2025-10-21 09:18:45,245 - safe_zone.database - INFO - Attempting to connect to: 127.0.0.1:5433/safe_zone
2025-10-21 09:18:45,248 - safe_zone.redis_service - ERROR - Redis connection failed: Error 111 connecting to localhost:6379. Connection refused.
2025-10-21 09:18:45,248 - safe_zone.redis_service - WARNING - Redis not connected, cannot subscribe
2025-10-21 09:18:45,285 - safe_zone.database - INFO - Database connection pool created successfully
2025-10-21 09:18:45,289 - safe_zone.database - INFO - Database timezone configured: UTC
2025-10-21 09:18:45,289 - safe_zone.database - INFO - Current database time (UTC): 2025-10-21 05:18:45.288324+00:00
2025-10-21 09:18:45,291 - safe_zone.database - INFO - Timezone-aware timestamp: 2025-10-21 05:18:45.290652+00:00
2025-10-21 09:18:45,293 - safe_zone.database - INFO - Timezone conversion test passed: False
2025-10-21 09:18:45,294 - safe_zone - INFO - Database connection established
2025-10-21 09:19:31,994 - safe_zone.database - INFO - Database connection pool closed
2025-10-21 09:19:31,994 - safe_zone - INFO - Database connection closed
2025-10-21 09:19:31,994 - safe_zone - INFO - Safe Zone API Server stopped
2025-10-21 09:19:32,803 - safe_zone - INFO - Logging setup completed
2025-10-21 09:19:33,377 - safe_zone - INFO - Logging setup completed
2025-10-21 09:19:33,479 - safe_zone - INFO - Starting Safe Zone API Server
2025-10-21 09:19:33,479 - safe_zone.database - INFO - Attempting to connect to: 127.0.0.1:5433/safe_zone
2025-10-21 09:19:33,482 - safe_zone.redis_service - ERROR - Redis connection failed: Error 111 connecting to localhost:6379. Connection refused.
2025-10-21 09:19:33,482 - safe_zone.redis_service - WARNING - Redis not connected, cannot subscribe
2025-10-21 09:19:33,520 - safe_zone.database - INFO - Database connection pool created successfully
2025-10-21 09:19:33,523 - safe_zone.database - INFO - Database timezone configured: UTC
2025-10-21 09:19:33,524 - safe_zone.database - INFO - Current database time (UTC): 2025-10-21 05:19:33.522726+00:00
2025-10-21 09:19:33,525 - safe_zone.database - INFO - Timezone-aware timestamp: 2025-10-21 05:19:33.524689+00:00
2025-10-21 09:19:33,527 - safe_zone.database - INFO - Timezone conversion test passed: False
2025-10-21 09:19:33,528 - safe_zone - INFO - Database connection established
2025-10-21 09:24:32,192 - safe_zone.database - INFO - Database connection pool closed
2025-10-21 09:24:32,193 - safe_zone - INFO - Database connection closed
2025-10-21 09:24:32,193 - safe_zone - INFO - Safe Zone API Server stopped
2025-10-21 09:24:32,975 - safe_zone - INFO - Logging setup completed
2025-10-21 09:24:33,510 - safe_zone - INFO - Logging setup completed
2025-10-21 09:24:33,606 - safe_zone - INFO - Starting Safe Zone API Server
2025-10-21 09:24:33,606 - safe_zone.database - INFO - Attempting to connect to: 127.0.0.1:5433/safe_zone
2025-10-21 09:24:33,610 - safe_zone.redis_service - ERROR - Redis connection failed: Error 111 connecting to localhost:6379. Connection refused.
2025-10-21 09:24:33,610 - safe_zone.redis_service - WARNING - Redis not connected, cannot subscribe
2025-10-21 09:24:33,646 - safe_zone.database - INFO - Database connection pool created successfully
2025-10-21 09:24:33,649 - safe_zone.database - INFO - Database timezone configured: UTC
2025-10-21 09:24:33,650 - safe_zone.database - INFO - Current database time (UTC): 2025-10-21 05:24:33.648495+00:00
2025-10-21 09:24:33,652 - safe_zone.database - INFO - Timezone-aware timestamp: 2025-10-21 05:24:33.651040+00:00
2025-10-21 09:24:33,653 - safe_zone.database - INFO - Timezone conversion test passed: False
2025-10-21 09:24:33,654 - safe_zone - INFO - Database connection established
2025-10-21 09:25:15,331 - safe_zone.database - INFO - Database connection pool closed
2025-10-21 09:25:15,332 - safe_zone - INFO - Database connection closed
2025-10-21 09:25:15,332 - safe_zone - INFO - Safe Zone API Server stopped
2025-10-21 09:25:16,142 - safe_zone - INFO - Logging setup completed
2025-10-21 09:25:16,701 - safe_zone - INFO - Logging setup completed
2025-10-21 09:25:16,796 - safe_zone - INFO - Starting Safe Zone API Server
2025-10-21 09:25:16,796 - safe_zone.database - INFO - Attempting to connect to: 127.0.0.1:5433/safe_zone
2025-10-21 09:25:16,799 - safe_zone.redis_service - ERROR - Redis connection failed: Error 111 connecting to localhost:6379. Connection refused.
2025-10-21 09:25:16,799 - safe_zone.redis_service - WARNING - Redis not connected, cannot subscribe
2025-10-21 09:25:17,570 - safe_zone.database - INFO - Database connection pool created successfully
2025-10-21 09:25:17,572 - safe_zone.database - INFO - Database timezone configured: UTC
2025-10-21 09:25:17,572 - safe_zone.database - INFO - Current database time (UTC): 2025-10-21 05:25:17.571693+00:00
2025-10-21 09:25:17,573 - safe_zone.database - INFO - Timezone-aware timestamp: 2025-10-21 05:25:17.573042+00:00
2025-10-21 09:25:17,575 - safe_zone.database - INFO - Timezone conversion test passed: False
2025-10-21 09:25:17,576 - safe_zone - INFO - Database connection established
2025-10-21 09:25:46,300 - safe_zone.database - INFO - Database connection pool closed
2025-10-21 09:25:46,301 - safe_zone - INFO - Database connection closed
2025-10-21 09:25:46,301 - safe_zone - INFO - Safe Zone API Server stopped
2025-10-21 09:25:47,441 - safe_zone - INFO - Logging setup completed
2025-10-21 09:25:47,982 - safe_zone - INFO - Logging setup completed
2025-10-21 09:25:48,067 - safe_zone - INFO - Starting Safe Zone API Server
2025-10-21 09:25:48,067 - safe_zone.database - INFO - Attempting to connect to: 127.0.0.1:5433/safe_zone
2025-10-21 09:25:48,107 - safe_zone.database - INFO - Database connection pool created successfully
2025-10-21 09:25:48,109 - safe_zone.database - INFO - Database timezone configured: UTC
2025-10-21 09:25:48,109 - safe_zone.database - INFO - Current database time (UTC): 2025-10-21 05:25:48.108686+00:00
2025-10-21 09:25:48,110 - safe_zone.database - INFO - Timezone-aware timestamp: 2025-10-21 05:25:48.109910+00:00
2025-10-21 09:25:48,112 - safe_zone.database - INFO - Timezone conversion test passed: False
2025-10-21 09:25:48,113 - safe_zone - INFO - Database connection established
2025-10-21 09:26:54,966 - safe_zone.database - INFO - Database connection pool closed
2025-10-21 09:26:54,966 - safe_zone - INFO - Database connection closed
2025-10-21 09:26:54,966 - safe_zone - INFO - Safe Zone API Server stopped
2025-10-21 09:26:55,769 - safe_zone - INFO - Logging setup completed
2025-10-21 09:26:57,004 - safe_zone - INFO - Logging setup completed
2025-10-21 09:26:57,104 - safe_zone - INFO - Starting Safe Zone API Server
2025-10-21 09:26:57,105 - safe_zone.database - INFO - Attempting to connect to: 127.0.0.1:5433/safe_zone
2025-10-21 09:26:57,149 - safe_zone.database - INFO - Database connection pool created successfully
2025-10-21 09:26:57,151 - safe_zone.database - INFO - Database timezone configured: UTC
2025-10-21 09:26:57,152 - safe_zone.database - INFO - Current database time (UTC): 2025-10-21 05:26:57.150865+00:00
2025-10-21 09:26:57,153 - safe_zone.database - INFO - Timezone-aware timestamp: 2025-10-21 05:26:57.152432+00:00
2025-10-21 09:26:57,155 - safe_zone.database - INFO - Timezone conversion test passed: False
2025-10-21 09:26:57,156 - safe_zone - INFO - Database connection established
2025-10-21 09:30:43,635 - safe_zone.database - INFO - Database connection pool closed
2025-10-21 09:30:43,635 - safe_zone - INFO - Database connection closed
2025-10-21 09:30:43,635 - safe_zone - INFO - Safe Zone API Server stopped
2025-10-21 09:30:44,401 - safe_zone - INFO - Logging setup completed
2025-10-21 09:30:44,944 - safe_zone - INFO - Logging setup completed
2025-10-21 09:30:45,033 - safe_zone - INFO - Starting Safe Zone API Server
2025-10-21 09:30:45,033 - safe_zone.database - INFO - Attempting to connect to: 127.0.0.1:5433/safe_zone
2025-10-21 09:30:45,072 - safe_zone.database - INFO - Database connection pool created successfully
2025-10-21 09:30:45,075 - safe_zone.database - INFO - Database timezone configured: UTC
2025-10-21 09:30:45,075 - safe_zone.database - INFO - Current database time (UTC): 2025-10-21 05:30:45.074529+00:00
2025-10-21 09:30:45,076 - safe_zone.database - INFO - Timezone-aware timestamp: 2025-10-21 05:30:45.075796+00:00
2025-10-21 09:30:45,078 - safe_zone.database - INFO - Timezone conversion test passed: False
2025-10-21 09:30:45,079 - safe_zone - INFO - Database connection established
2025-10-21 09:32:49,351 - safe_zone.database - INFO - Database connection pool closed
2025-10-21 09:32:49,351 - safe_zone - INFO - Database connection closed
2025-10-21 09:32:49,352 - safe_zone - INFO - Safe Zone API Server stopped
2025-10-21 09:32:50,139 - safe_zone - INFO - Logging setup completed
2025-10-21 09:32:50,684 - safe_zone - INFO - Logging setup completed
2025-10-21 09:32:50,774 - safe_zone - INFO - Starting Safe Zone API Server
2025-10-21 09:32:50,774 - safe_zone.database - INFO - Attempting to connect to: 127.0.0.1:5433/safe_zone
2025-10-21 09:32:50,813 - safe_zone.database - INFO - Database connection pool created successfully
2025-10-21 09:32:50,816 - safe_zone.database - INFO - Database timezone configured: UTC
2025-10-21 09:32:50,816 - safe_zone.database - INFO - Current database time (UTC): 2025-10-21 05:32:50.815531+00:00
2025-10-21 09:32:50,817 - safe_zone.database - INFO - Timezone-aware timestamp: 2025-10-21 05:32:50.816814+00:00
2025-10-21 09:32:50,819 - safe_zone.database - INFO - Timezone conversion test passed: False
2025-10-21 09:32:50,820 - safe_zone - INFO - Database connection established
2025-10-21 09:33:59,170 - safe_zone.database - INFO - Database connection pool closed
2025-10-21 09:33:59,170 - safe_zone - INFO - Database connection closed
2025-10-21 09:33:59,171 - safe_zone - INFO - Safe Zone API Server stopped
2025-10-21 09:36:58,111 - safe_zone - INFO - Logging setup completed
2025-10-21 09:36:58,672 - safe_zone - INFO - Logging setup completed
2025-10-21 09:36:58,775 - safe_zone - INFO - Starting Safe Zone API Server
2025-10-21 09:36:58,775 - safe_zone.database - INFO - Attempting to connect to: 127.0.0.1:5433/safe_zone
2025-10-21 09:36:58,816 - safe_zone.database - INFO - Database connection pool created successfully
2025-10-21 09:36:58,818 - safe_zone.database - INFO - Database timezone configured: UTC
2025-10-21 09:36:58,819 - safe_zone.database - INFO - Current database time (UTC): 2025-10-21 05:36:58.818028+00:00
2025-10-21 09:36:58,821 - safe_zone.database - INFO - Timezone-aware timestamp: 2025-10-21 05:36:58.819565+00:00
2025-10-21 09:36:58,822 - safe_zone.database - INFO - Timezone conversion test passed: False
2025-10-21 09:36:58,823 - safe_zone - INFO - Database connection established
2025-10-21 09:41:11,558 - safe_zone.database - INFO - Database connection pool closed
2025-10-21 09:41:11,558 - safe_zone - INFO - Database connection closed
2025-10-21 09:41:11,559 - safe_zone - INFO - Safe Zone API Server stopped
2025-10-21 09:41:12,339 - safe_zone - INFO - Logging setup completed
2025-10-21 09:41:12,881 - safe_zone - INFO - Logging setup completed
2025-10-21 09:41:12,970 - safe_zone - INFO - Starting Safe Zone API Server
2025-10-21 09:41:12,970 - safe_zone.database - INFO - Attempting to connect to: 127.0.0.1:5433/safe_zone
2025-10-21 09:41:13,016 - safe_zone.database - INFO - Database connection pool created successfully
2025-10-21 09:41:13,020 - safe_zone.database - INFO - Database timezone configured: UTC
2025-10-21 09:41:13,020 - safe_zone.database - INFO - Current database time (UTC): 2025-10-21 05:41:13.019074+00:00
2025-10-21 09:41:13,022 - safe_zone.database - INFO - Timezone-aware timestamp: 2025-10-21 05:41:13.021282+00:00
2025-10-21 09:41:13,024 - safe_zone.database - INFO - Timezone conversion test passed: False
2025-10-21 09:41:13,024 - safe_zone - INFO - Database connection established
2025-10-22 06:56:57,533 - safe_zone - INFO - Logging setup completed
2025-10-22 06:56:58,742 - safe_zone - INFO - Logging setup completed
2025-10-22 06:56:58,831 - safe_zone - INFO - Starting Safe Zone API Server
2025-10-22 06:56:58,831 - safe_zone.database - INFO - Attempting to connect to: 127.0.0.1:5433/safe_zone
2025-10-22 06:56:58,917 - safe_zone.database - INFO - Database connection pool created successfully
2025-10-22 06:56:58,954 - safe_zone.database - INFO - Database timezone configured: UTC
2025-10-22 06:56:58,954 - safe_zone.database - INFO - Current database time (UTC): 2025-10-22 02:56:58.929482+00:00
2025-10-22 06:56:58,960 - safe_zone.database - INFO - Timezone-aware timestamp: 2025-10-22 02:56:58.955223+00:00
2025-10-22 06:56:58,989 - safe_zone.database - INFO - Timezone conversion test passed: False
2025-10-22 06:56:58,993 - safe_zone - INFO - Database connection established
2025-10-22 07:06:56,243 - safe_zone.database - INFO - Database connection pool closed
2025-10-22 07:06:56,244 - safe_zone - INFO - Database connection closed
2025-10-22 07:06:56,244 - safe_zone - INFO - Safe Zone API Server stopped
2025-10-22 07:06:57,095 - safe_zone - INFO - Logging setup completed
2025-10-22 07:06:57,687 - safe_zone - INFO - Logging setup completed
2025-10-22 07:06:57,786 - safe_zone - INFO - Starting Safe Zone API Server
2025-10-22 07:06:57,787 - safe_zone.database - INFO - Attempting to connect to: 127.0.0.1:5433/safe_zone
2025-10-22 07:06:57,841 - safe_zone.database - INFO - Database connection pool created successfully
2025-10-22 07:06:57,850 - safe_zone.database - INFO - Database timezone configured: UTC
2025-10-22 07:06:57,850 - safe_zone.database - INFO - Current database time (UTC): 2025-10-22 03:06:57.847707+00:00
2025-10-22 07:06:57,853 - safe_zone.database - INFO - Timezone-aware timestamp: 2025-10-22 03:06:57.851245+00:00
2025-10-22 07:06:57,857 - safe_zone.database - INFO - Timezone conversion test passed: False
2025-10-22 07:06:57,859 - safe_zone - INFO - Database connection established
2025-10-22 07:16:46,694 - safe_zone.database - INFO - Database connection pool closed
2025-10-22 07:16:46,695 - safe_zone - INFO - Database connection closed
2025-10-22 07:16:46,696 - safe_zone - INFO - Safe Zone API Server stopped
2025-10-22 07:16:47,548 - safe_zone - INFO - Logging setup completed
2025-10-22 07:16:48,151 - safe_zone - INFO - Logging setup completed
2025-10-22 07:16:48,237 - safe_zone - INFO - Starting Safe Zone API Server
2025-10-22 07:16:48,238 - safe_zone.database - INFO - Attempting to connect to: 127.0.0.1:5433/safe_zone
2025-10-22 07:16:48,278 - safe_zone.database - INFO - Database connection pool created successfully
2025-10-22 07:16:48,281 - safe_zone.database - INFO - Database timezone configured: UTC
2025-10-22 07:16:48,281 - safe_zone.database - INFO - Current database time (UTC): 2025-10-22 03:16:48.280386+00:00
2025-10-22 07:16:48,282 - safe_zone.database - INFO - Timezone-aware timestamp: 2025-10-22 03:16:48.281981+00:00
2025-10-22 07:16:48,285 - safe_zone.database - INFO - Timezone conversion test passed: False
2025-10-22 07:16:48,285 - safe_zone - INFO - Database connection established
2025-10-22 07:19:46,073 - safe_zone.database - INFO - Database connection pool closed
2025-10-22 07:19:46,075 - safe_zone - INFO - Database connection closed
2025-10-22 07:19:46,075 - safe_zone - INFO - Safe Zone API Server stopped
2025-10-22 07:19:46,958 - safe_zone - INFO - Logging setup completed
2025-10-22 07:19:47,524 - safe_zone - INFO - Logging setup completed
2025-10-22 07:19:47,644 - safe_zone - INFO - Starting Safe Zone API Server
2025-10-22 07:19:47,645 - safe_zone.database - INFO - Attempting to connect to: 127.0.0.1:5433/safe_zone
2025-10-22 07:19:47,694 - safe_zone.database - INFO - Database connection pool created successfully
2025-10-22 07:19:47,700 - safe_zone.database - INFO - Database timezone configured: UTC
2025-10-22 07:19:47,701 - safe_zone.database - INFO - Current database time (UTC): 2025-10-22 03:19:47.698513+00:00
2025-10-22 07:19:47,702 - safe_zone.database - INFO - Timezone-aware timestamp: 2025-10-22 03:19:47.701515+00:00
2025-10-22 07:19:47,705 - safe_zone.database - INFO - Timezone conversion test passed: False
2025-10-22 07:19:47,706 - safe_zone - INFO - Database connection established
2025-10-22 07:41:22,936 - safe_zone.database - INFO - Database connection pool closed
2025-10-22 07:41:22,936 - safe_zone - INFO - Database connection closed
2025-10-22 07:41:22,937 - safe_zone - INFO - Safe Zone API Server stopped
2025-10-22 07:41:23,799 - safe_zone - INFO - Logging setup completed
2025-10-22 07:41:24,388 - safe_zone - INFO - Logging setup completed
2025-10-22 07:41:24,487 - safe_zone - INFO - Starting Safe Zone API Server
2025-10-22 07:41:24,487 - safe_zone.database - INFO - Attempting to connect to: 127.0.0.1:5433/safe_zone
2025-10-22 07:41:24,533 - safe_zone.database - INFO - Database connection pool created successfully
2025-10-22 07:41:24,535 - safe_zone.database - INFO - Database timezone configured: UTC
2025-10-22 07:41:24,536 - safe_zone.database - INFO - Current database time (UTC): 2025-10-22 03:41:24.535046+00:00
2025-10-22 07:41:24,537 - safe_zone.database - INFO - Timezone-aware timestamp: 2025-10-22 03:41:24.536575+00:00
2025-10-22 07:41:24,539 - safe_zone.database - INFO - Timezone conversion test passed: False
2025-10-22 07:41:24,540 - safe_zone - INFO - Database connection established
2025-10-22 07:45:27,648 - safe_zone.database - INFO - Database connection pool closed
2025-10-22 07:45:27,649 - safe_zone - INFO - Database connection closed
2025-10-22 07:45:27,650 - safe_zone - INFO - Safe Zone API Server stopped
2025-10-22 07:45:28,548 - safe_zone - INFO - Logging setup completed
2025-10-22 07:45:29,171 - safe_zone - INFO - Logging setup completed
2025-10-22 07:45:29,296 - safe_zone - INFO - Starting Safe Zone API Server
2025-10-22 07:45:29,296 - safe_zone.database - INFO - Attempting to connect to: 127.0.0.1:5433/safe_zone
2025-10-22 07:45:29,341 - safe_zone.database - INFO - Database connection pool created successfully
2025-10-22 07:45:29,345 - safe_zone.database - INFO - Database timezone configured: UTC
2025-10-22 07:45:29,346 - safe_zone.database - INFO - Current database time (UTC): 2025-10-22 03:45:29.342999+00:00
2025-10-22 07:45:29,347 - safe_zone.database - INFO - Timezone-aware timestamp: 2025-10-22 03:45:29.346871+00:00
2025-10-22 07:45:29,349 - safe_zone.database - INFO - Timezone conversion test passed: False
2025-10-22 07:45:29,350 - safe_zone - INFO - Database connection established
2025-10-22 08:51:58,851 - safe_zone.file_validation - INFO - File validation passed: video, video/mp4, 10485760 bytes
2025-10-22 08:51:58,870 - safe_zone.s3_service - INFO - Generated presigned upload URL for users/d31ce60e-e013-44a9-97e3-dda4ee30d6d2/posts/909d45c5-03ad-459c-827a-62450e7218ed/videos/f3a86889-6f75-422c-9416-e4f1ffb85056.mp4
2025-10-22 08:51:58,887 - safe_zone.file_validation - ERROR - File validation failed: Unsupported file type: executable
2025-10-22 08:53:54,071 - safe_zone.database - INFO - Database connection pool closed
2025-10-22 08:53:54,072 - safe_zone - INFO - Database connection closed
2025-10-22 08:53:54,072 - safe_zone - INFO - Safe Zone API Server stopped
2025-10-22 08:53:55,044 - safe_zone - INFO - Logging setup completed
2025-10-22 08:53:55,706 - safe_zone - INFO - Logging setup completed
2025-10-22 08:53:55,814 - safe_zone - INFO - Starting Safe Zone API Server
2025-10-22 08:53:55,814 - safe_zone.database - INFO - Attempting to connect to: 127.0.0.1:5433/safe_zone
2025-10-22 08:53:55,858 - safe_zone.database - INFO - Database connection pool created successfully
2025-10-22 08:53:55,861 - safe_zone.database - INFO - Database timezone configured: UTC
2025-10-22 08:53:55,861 - safe_zone.database - INFO - Current database time (UTC): 2025-10-22 04:53:55.860542+00:00
2025-10-22 08:53:55,862 - safe_zone.database - INFO - Timezone-aware timestamp: 2025-10-22 04:53:55.861944+00:00
2025-10-22 08:53:55,864 - safe_zone.database - INFO - Timezone conversion test passed: False
2025-10-22 08:53:55,865 - safe_zone - INFO - Database connection established
2025-10-22 08:55:36,444 - safe_zone.database - INFO - Database connection pool closed
2025-10-22 08:55:36,444 - safe_zone - INFO - Database connection closed
2025-10-22 08:55:36,445 - safe_zone - INFO - Safe Zone API Server stopped
2025-10-22 08:55:37,206 - safe_zone - INFO - Logging setup completed
2025-10-22 08:55:37,738 - safe_zone - INFO - Logging setup completed
2025-10-22 08:55:37,825 - safe_zone - INFO - Starting Safe Zone API Server
2025-10-22 08:55:37,825 - safe_zone.database - INFO - Attempting to connect to: 127.0.0.1:5433/safe_zone
2025-10-22 08:55:37,865 - safe_zone.database - INFO - Database connection pool created successfully
2025-10-22 08:55:37,868 - safe_zone.database - INFO - Database timezone configured: UTC
2025-10-22 08:55:37,868 - safe_zone.database - INFO - Current database time (UTC): 2025-10-22 04:55:37.867045+00:00
2025-10-22 08:55:37,869 - safe_zone.database - INFO - Timezone-aware timestamp: 2025-10-22 04:55:37.868509+00:00
2025-10-22 08:55:37,871 - safe_zone.database - INFO - Timezone conversion test passed: False
2025-10-22 08:55:37,871 - safe_zone - INFO - Database connection established
2025-10-22 08:58:27,125 - safe_zone.database - INFO - Database connection pool closed
2025-10-22 08:58:27,125 - safe_zone - INFO - Database connection closed
2025-10-22 08:58:27,125 - safe_zone - INFO - Safe Zone API Server stopped
2025-10-22 08:58:27,974 - safe_zone - INFO - Logging setup completed
2025-10-22 08:58:28,583 - safe_zone - INFO - Logging setup completed
2025-10-22 08:58:28,678 - safe_zone - INFO - Starting Safe Zone API Server
2025-10-22 08:58:28,679 - safe_zone.database - INFO - Attempting to connect to: 127.0.0.1:5433/safe_zone
2025-10-22 08:58:28,719 - safe_zone.database - INFO - Database connection pool created successfully
2025-10-22 08:58:28,722 - safe_zone.database - INFO - Database timezone configured: UTC
2025-10-22 08:58:28,722 - safe_zone.database - INFO - Current database time (UTC): 2025-10-22 04:58:28.721486+00:00
2025-10-22 08:58:28,724 - safe_zone.database - INFO - Timezone-aware timestamp: 2025-10-22 04:58:28.723281+00:00
2025-10-22 08:58:28,726 - safe_zone.database - INFO - Timezone conversion test passed: False
2025-10-22 08:58:28,726 - safe_zone - INFO - Database connection established
2025-10-22 08:59:22,057 - safe_zone.database - INFO - Database connection pool closed
2025-10-22 08:59:22,057 - safe_zone - INFO - Database connection closed
2025-10-22 08:59:22,057 - safe_zone - INFO - Safe Zone API Server stopped
2025-10-22 08:59:22,895 - safe_zone - INFO - Logging setup completed
2025-10-22 08:59:23,454 - safe_zone - INFO - Logging setup completed
2025-10-22 08:59:23,544 - safe_zone - INFO - Starting Safe Zone API Server
2025-10-22 08:59:23,544 - safe_zone.database - INFO - Attempting to connect to: 127.0.0.1:5433/safe_zone
2025-10-22 08:59:23,583 - safe_zone.database - INFO - Database connection pool created successfully
2025-10-22 08:59:23,586 - safe_zone.database - INFO - Database timezone configured: UTC
2025-10-22 08:59:23,586 - safe_zone.database - INFO - Current database time (UTC): 2025-10-22 04:59:23.585435+00:00
2025-10-22 08:59:23,588 - safe_zone.database - INFO - Timezone-aware timestamp: 2025-10-22 04:59:23.587079+00:00
2025-10-22 08:59:23,589 - safe_zone.database - INFO - Timezone conversion test passed: False
2025-10-22 08:59:23,590 - safe_zone - INFO - Database connection established
2025-10-22 09:00:25,490 - safe_zone.database - INFO - Database connection pool closed
2025-10-22 09:00:25,491 - safe_zone - INFO - Database connection closed
2025-10-22 09:00:25,491 - safe_zone - INFO - Safe Zone API Server stopped
2025-10-22 09:00:26,294 - safe_zone - INFO - Logging setup completed
2025-10-22 09:00:26,867 - safe_zone - INFO - Logging setup completed
2025-10-22 09:00:26,963 - safe_zone - INFO - Starting Safe Zone API Server
2025-10-22 09:00:26,963 - safe_zone.database - INFO - Attempting to connect to: 127.0.0.1:5433/safe_zone
2025-10-22 09:00:27,002 - safe_zone.database - INFO - Database connection pool created successfully
2025-10-22 09:00:27,005 - safe_zone.database - INFO - Database timezone configured: UTC
2025-10-22 09:00:27,005 - safe_zone.database - INFO - Current database time (UTC): 2025-10-22 05:00:27.004465+00:00
2025-10-22 09:00:27,007 - safe_zone.database - INFO - Timezone-aware timestamp: 2025-10-22 05:00:27.006160+00:00
2025-10-22 09:00:27,008 - safe_zone.database - INFO - Timezone conversion test passed: False
2025-10-22 09:00:27,009 - safe_zone - INFO - Database connection established
2025-10-22 09:08:54,634 - safe_zone.database - INFO - Database connection pool closed
2025-10-22 09:08:54,635 - safe_zone - INFO - Database connection closed
2025-10-22 09:08:54,635 - safe_zone - INFO - Safe Zone API Server stopped
2025-10-22 09:08:55,429 - safe_zone - INFO - Logging setup completed
2025-10-22 09:08:55,982 - safe_zone - INFO - Logging setup completed
2025-10-22 09:08:56,075 - safe_zone - INFO - Starting Safe Zone API Server
2025-10-22 09:08:56,075 - safe_zone.database - INFO - Attempting to connect to: 127.0.0.1:5433/safe_zone
2025-10-22 09:08:56,114 - safe_zone.database - INFO - Database connection pool created successfully
2025-10-22 09:08:56,117 - safe_zone.database - INFO - Database timezone configured: UTC
2025-10-22 09:08:56,117 - safe_zone.database - INFO - Current database time (UTC): 2025-10-22 05:08:56.116553+00:00
2025-10-22 09:08:56,119 - safe_zone.database - INFO - Timezone-aware timestamp: 2025-10-22 05:08:56.118198+00:00
2025-10-22 09:08:56,121 - safe_zone.database - INFO - Timezone conversion test passed: False
2025-10-22 09:08:56,121 - safe_zone - INFO - Database connection established
2025-10-22 09:10:01,355 - safe_zone.database - INFO - Database connection pool closed
2025-10-22 09:10:01,355 - safe_zone - INFO - Database connection closed
2025-10-22 09:10:01,355 - safe_zone - INFO - Safe Zone API Server stopped
2025-10-22 09:10:02,213 - safe_zone - INFO - Logging setup completed
2025-10-22 09:10:02,842 - safe_zone - INFO - Logging setup completed
2025-10-22 09:10:02,956 - safe_zone - INFO - Starting Safe Zone API Server
2025-10-22 09:10:02,956 - safe_zone.database - INFO - Attempting to connect to: 127.0.0.1:5433/safe_zone
2025-10-22 09:10:02,996 - safe_zone.database - INFO - Database connection pool created successfully
2025-10-22 09:10:02,999 - safe_zone.database - INFO - Database timezone configured: UTC
2025-10-22 09:10:03,000 - safe_zone.database - INFO - Current database time (UTC): 2025-10-22 05:10:02.998741+00:00
2025-10-22 09:10:03,001 - safe_zone.database - INFO - Timezone-aware timestamp: 2025-10-22 05:10:03.000485+00:00
2025-10-22 09:10:03,003 - safe_zone.database - INFO - Timezone conversion test passed: False
2025-10-22 09:10:03,003 - safe_zone - INFO - Database connection established
2025-10-22 09:16:17,775 - safe_zone.database - INFO - Database connection pool closed
2025-10-22 09:16:17,776 - safe_zone - INFO - Database connection closed
2025-10-22 09:16:17,776 - safe_zone - INFO - Safe Zone API Server stopped
2025-10-22 09:16:18,563 - safe_zone - INFO - Logging setup completed
2025-10-22 09:16:19,096 - safe_zone - INFO - Logging setup completed
2025-10-22 09:16:19,179 - safe_zone - INFO - Starting Safe Zone API Server
2025-10-22 09:16:19,179 - safe_zone.database - INFO - Attempting to connect to: 127.0.0.1:5433/safe_zone
2025-10-22 09:16:19,218 - safe_zone.database - INFO - Database connection pool created successfully
2025-10-22 09:16:19,221 - safe_zone.database - INFO - Database timezone configured: UTC
2025-10-22 09:16:19,222 - safe_zone.database - INFO - Current database time (UTC): 2025-10-22 05:16:19.219846+00:00
2025-10-22 09:16:19,223 - safe_zone.database - INFO - Timezone-aware timestamp: 2025-10-22 05:16:19.222398+00:00
2025-10-22 09:16:19,224 - safe_zone.database - INFO - Timezone conversion test passed: False
2025-10-22 09:16:19,226 - safe_zone - INFO - Database connection established
2025-10-22 09:23:49,824 - safe_zone.database - INFO - Database connection pool closed
2025-10-22 09:23:49,824 - safe_zone - INFO - Database connection closed
2025-10-22 09:23:49,824 - safe_zone - INFO - Safe Zone API Server stopped
2025-10-22 09:23:50,614 - safe_zone - INFO - Logging setup completed
2025-10-22 09:23:51,164 - safe_zone - INFO - Logging setup completed
2025-10-22 09:23:51,250 - safe_zone - INFO - Starting Safe Zone API Server
2025-10-22 09:23:51,251 - safe_zone.database - INFO - Attempting to connect to: 127.0.0.1:5433/safe_zone
2025-10-22 09:23:51,293 - safe_zone.database - INFO - Database connection pool created successfully
2025-10-22 09:23:51,295 - safe_zone.database - INFO - Database timezone configured: UTC
2025-10-22 09:23:51,296 - safe_zone.database - INFO - Current database time (UTC): 2025-10-22 05:23:51.294927+00:00
2025-10-22 09:23:51,298 - safe_zone.database - INFO - Timezone-aware timestamp: 2025-10-22 05:23:51.296559+00:00
2025-10-22 09:23:51,299 - safe_zone.database - INFO - Timezone conversion test passed: False
2025-10-22 09:23:51,300 - safe_zone - INFO - Database connection established
2025-10-22 09:29:08,260 - safe_zone.database - INFO - Database connection pool closed
2025-10-22 09:29:08,260 - safe_zone - INFO - Database connection closed
2025-10-22 09:29:08,261 - safe_zone - INFO - Safe Zone API Server stopped
2025-10-22 09:29:09,171 - safe_zone - INFO - Logging setup completed
2025-10-22 09:29:09,737 - safe_zone - INFO - Logging setup completed
2025-10-22 09:29:09,831 - safe_zone - INFO - Starting Safe Zone API Server
2025-10-22 09:29:09,831 - safe_zone.database - INFO - Attempting to connect to: 127.0.0.1:5433/safe_zone
2025-10-22 09:29:09,871 - safe_zone.database - INFO - Database connection pool created successfully
2025-10-22 09:29:09,875 - safe_zone.database - INFO - Database timezone configured: UTC
2025-10-22 09:29:09,875 - safe_zone.database - INFO - Current database time (UTC): 2025-10-22 05:29:09.873357+00:00
2025-10-22 09:29:09,876 - safe_zone.database - INFO - Timezone-aware timestamp: 2025-10-22 05:29:09.876162+00:00
2025-10-22 09:29:09,878 - safe_zone.database - INFO - Timezone conversion test passed: False
2025-10-22 09:29:09,879 - safe_zone - INFO - Database connection established
2025-10-22 09:42:19,386 - safe_zone.database - INFO - Database connection pool closed
2025-10-22 09:42:19,386 - safe_zone - INFO - Database connection closed
2025-10-22 09:42:19,387 - safe_zone - INFO - Safe Zone API Server stopped
2025-10-22 09:42:20,249 - safe_zone - INFO - Logging setup completed
2025-10-22 09:42:20,807 - safe_zone - INFO - Logging setup completed
2025-10-22 09:42:20,898 - safe_zone - INFO - Starting Safe Zone API Server
2025-10-22 09:42:20,898 - safe_zone.database - INFO - Attempting to connect to: 127.0.0.1:5433/safe_zone
2025-10-22 09:42:20,939 - safe_zone.database - INFO - Database connection pool created successfully
2025-10-22 09:42:20,941 - safe_zone.database - INFO - Database timezone configured: UTC
2025-10-22 09:42:20,942 - safe_zone.database - INFO - Current database time (UTC): 2025-10-22 05:42:20.940895+00:00
2025-10-22 09:42:20,944 - safe_zone.database - INFO - Timezone-aware timestamp: 2025-10-22 05:42:20.942503+00:00
2025-10-22 09:42:20,946 - safe_zone.database - INFO - Timezone conversion test passed: False
2025-10-22 09:42:20,947 - safe_zone - INFO - Database connection established
2025-10-22 09:42:54,807 - safe_zone.database - INFO - Database connection pool closed
2025-10-22 09:42:54,807 - safe_zone - INFO - Database connection closed
2025-10-22 09:42:54,808 - safe_zone - INFO - Safe Zone API Server stopped
2025-10-22 09:42:55,624 - safe_zone - INFO - Logging setup completed
2025-10-22 09:42:56,200 - safe_zone - INFO - Logging setup completed
2025-10-22 09:42:56,296 - safe_zone - INFO - Starting Safe Zone API Server
2025-10-22 09:42:56,296 - safe_zone.database - INFO - Attempting to connect to: 127.0.0.1:5433/safe_zone
2025-10-22 09:42:56,338 - safe_zone.database - INFO - Database connection pool created successfully
2025-10-22 09:42:56,341 - safe_zone.database - INFO - Database timezone configured: UTC
2025-10-22 09:42:56,341 - safe_zone.database - INFO - Current database time (UTC): 2025-10-22 05:42:56.340440+00:00
2025-10-22 09:42:56,342 - safe_zone.database - INFO - Timezone-aware timestamp: 2025-10-22 05:42:56.341832+00:00
2025-10-22 09:42:56,344 - safe_zone.database - INFO - Timezone conversion test passed: False
2025-10-22 09:42:56,345 - safe_zone - INFO - Database connection established
2025-10-22 09:44:12,713 - safe_zone.database - INFO - Database connection pool closed
2025-10-22 09:44:12,713 - safe_zone - INFO - Database connection closed
2025-10-22 09:44:12,713 - safe_zone - INFO - Safe Zone API Server stopped
2025-10-22 09:44:13,517 - safe_zone - INFO - Logging setup completed
2025-10-22 09:44:14,074 - safe_zone - INFO - Logging setup completed
2025-10-22 09:44:14,164 - safe_zone - INFO - Starting Safe Zone API Server
2025-10-22 09:44:14,164 - safe_zone.database - INFO - Attempting to connect to: 127.0.0.1:5433/safe_zone
2025-10-22 09:44:14,203 - safe_zone.database - INFO - Database connection pool created successfully
2025-10-22 09:44:14,206 - safe_zone.database - INFO - Database timezone configured: UTC
2025-10-22 09:44:14,206 - safe_zone.database - INFO - Current database time (UTC): 2025-10-22 05:44:14.205657+00:00
2025-10-22 09:44:14,208 - safe_zone.database - INFO - Timezone-aware timestamp: 2025-10-22 05:44:14.207166+00:00
2025-10-22 09:44:14,210 - safe_zone.database - INFO - Timezone conversion test passed: False
2025-10-22 09:44:14,211 - safe_zone - INFO - Database connection established
2025-10-22 09:49:15,318 - safe_zone.database - INFO - Database connection pool closed
2025-10-22 09:49:15,319 - safe_zone - INFO - Database connection closed
2025-10-22 09:49:15,319 - safe_zone - INFO - Safe Zone API Server stopped
2025-10-22 09:49:16,119 - safe_zone - INFO - Logging setup completed
2025-10-22 09:49:16,675 - safe_zone - INFO - Logging setup completed
2025-10-22 09:49:16,773 - safe_zone - INFO - Starting Safe Zone API Server
2025-10-22 09:49:16,773 - safe_zone.database - INFO - Attempting to connect to: 127.0.0.1:5433/safe_zone
2025-10-22 09:49:16,831 - safe_zone.database - INFO - Database connection pool created successfully
2025-10-22 09:49:16,836 - safe_zone.database - INFO - Database timezone configured: UTC
2025-10-22 09:49:16,836 - safe_zone.database - INFO - Current database time (UTC): 2025-10-22 05:49:16.835563+00:00
2025-10-22 09:49:16,837 - safe_zone.database - INFO - Timezone-aware timestamp: 2025-10-22 05:49:16.837003+00:00
2025-10-22 09:49:16,839 - safe_zone.database - INFO - Timezone conversion test passed: False
2025-10-22 09:49:16,840 - safe_zone - INFO - Database connection established
2025-10-22 09:50:17,939 - safe_zone.database - INFO - Database connection pool closed
2025-10-22 09:50:17,939 - safe_zone - INFO - Database connection closed
2025-10-22 09:50:17,940 - safe_zone - INFO - Safe Zone API Server stopped
2025-10-22 09:50:18,749 - safe_zone - INFO - Logging setup completed
2025-10-22 09:50:19,361 - safe_zone - INFO - Logging setup completed
2025-10-22 09:50:19,477 - safe_zone - INFO - Starting Safe Zone API Server
2025-10-22 09:50:19,477 - safe_zone.database - INFO - Attempting to connect to: 127.0.0.1:5433/safe_zone
2025-10-22 09:50:19,541 - safe_zone.database - INFO - Database connection pool created successfully
2025-10-22 09:50:19,546 - safe_zone.database - INFO - Database timezone configured: UTC
2025-10-22 09:50:19,546 - safe_zone.database - INFO - Current database time (UTC): 2025-10-22 05:50:19.545347+00:00
2025-10-22 09:50:19,547 - safe_zone.database - INFO - Timezone-aware timestamp: 2025-10-22 05:50:19.546950+00:00
2025-10-22 09:50:19,549 - safe_zone.database - INFO - Timezone conversion test passed: False
2025-10-22 09:50:19,551 - safe_zone - INFO - Database connection established
2025-10-22 09:51:05,176 - safe_zone.database - INFO - Database connection pool closed
2025-10-22 09:51:05,177 - safe_zone - INFO - Database connection closed
2025-10-22 09:51:05,178 - safe_zone - INFO - Safe Zone API Server stopped
2025-10-22 09:51:05,997 - safe_zone - INFO - Logging setup completed
2025-10-22 09:51:06,556 - safe_zone - INFO - Logging setup completed
2025-10-22 09:51:06,689 - safe_zone - INFO - Starting Safe Zone API Server
2025-10-22 09:51:06,689 - safe_zone.database - INFO - Attempting to connect to: 127.0.0.1:5433/safe_zone
2025-10-22 09:51:06,730 - safe_zone.database - INFO - Database connection pool created successfully
2025-10-22 09:51:06,732 - safe_zone.database - INFO - Database timezone configured: UTC
2025-10-22 09:51:06,732 - safe_zone.database - INFO - Current database time (UTC): 2025-10-22 05:51:06.731970+00:00
2025-10-22 09:51:06,733 - safe_zone.database - INFO - Timezone-aware timestamp: 2025-10-22 05:51:06.733071+00:00
2025-10-22 09:51:06,735 - safe_zone.database - INFO - Timezone conversion test passed: False
2025-10-22 09:51:06,736 - safe_zone - INFO - Database connection established
2025-10-22 09:52:01,599 - safe_zone.database - INFO - Database connection pool closed
2025-10-22 09:52:01,600 - safe_zone - INFO - Database connection closed
2025-10-22 09:52:01,600 - safe_zone - INFO - Safe Zone API Server stopped
2025-10-22 09:52:02,423 - safe_zone - INFO - Logging setup completed
2025-10-22 09:52:02,988 - safe_zone - INFO - Logging setup completed
2025-10-22 09:52:03,078 - safe_zone - INFO - Starting Safe Zone API Server
2025-10-22 09:52:03,078 - safe_zone.database - INFO - Attempting to connect to: 127.0.0.1:5433/safe_zone
2025-10-22 09:52:03,119 - safe_zone.database - INFO - Database connection pool created successfully
2025-10-22 09:52:03,121 - safe_zone.database - INFO - Database timezone configured: UTC
2025-10-22 09:52:03,121 - safe_zone.database - INFO - Current database time (UTC): 2025-10-22 05:52:03.120870+00:00
2025-10-22 09:52:03,123 - safe_zone.database - INFO - Timezone-aware timestamp: 2025-10-22 05:52:03.122164+00:00
2025-10-22 09:52:03,125 - safe_zone.database - INFO - Timezone conversion test passed: False
2025-10-22 09:52:03,126 - safe_zone - INFO - Database connection established
2025-10-22 09:53:44,541 - safe_zone.websocket_auth - INFO - WebSocket authentication successful for user e8078192-8736-402d-9f02-6e9b42133bb7
2025-10-22 09:53:44,543 - safe_zone.connection_manager - INFO - WebSocket connection established: 9a9a5807-337d-4abf-ac8e-7c3b3bd68e48 for user e8078192-8736-402d-9f02-6e9b42133bb7
2025-10-22 09:53:44,544 - safe_zone.websocket - INFO - WebSocket connection 9a9a5807-337d-4abf-ac8e-7c3b3bd68e48 established for user e8078192-8736-402d-9f02-6e9b42133bb7
2025-10-22 09:53:44,546 - safe_zone.websocket - INFO - WebSocket connection 9a9a5807-337d-4abf-ac8e-7c3b3bd68e48 disconnected normally
2025-10-22 09:53:44,546 - safe_zone.connection_manager - INFO - WebSocket connection removed: 9a9a5807-337d-4abf-ac8e-7c3b3bd68e48
2025-10-22 17:15:57,322 - safe_zone - INFO - Logging setup completed
2025-10-22 17:15:58,250 - safe_zone - INFO - Logging setup completed
2025-10-22 17:15:58,335 - safe_zone - INFO - Starting Safe Zone API Server
2025-10-22 17:15:58,335 - safe_zone.database - INFO - Attempting to connect to: 127.0.0.1:5433/safe_zone
2025-10-22 17:15:58,401 - safe_zone.database - INFO - Database connection pool created successfully
2025-10-22 17:15:58,425 - safe_zone.database - INFO - Database timezone configured: UTC
2025-10-22 17:15:58,426 - safe_zone.database - INFO - Current database time (UTC): 2025-10-22 13:15:58.408659+00:00
2025-10-22 17:15:58,428 - safe_zone.database - INFO - Timezone-aware timestamp: 2025-10-22 13:15:58.426271+00:00
2025-10-22 17:15:58,441 - safe_zone.database - INFO - Timezone conversion test passed: False
2025-10-22 17:15:58,443 - safe_zone - INFO - Database connection established
2025-10-22 17:18:10,129 - safe_zone.database - INFO - Database connection pool closed
2025-10-22 17:18:10,130 - safe_zone - INFO - Database connection closed
2025-10-22 17:18:10,130 - safe_zone - INFO - Safe Zone API Server stopped
2025-10-22 17:18:10,931 - safe_zone - INFO - Logging setup completed
2025-10-22 17:18:11,504 - safe_zone - INFO - Logging setup completed
2025-10-22 17:18:11,643 - safe_zone - INFO - Starting Safe Zone API Server
2025-10-22 17:18:11,643 - safe_zone.database - INFO - Attempting to connect to: 127.0.0.1:5433/safe_zone
2025-10-22 17:18:11,682 - safe_zone.database - INFO - Database connection pool created successfully
2025-10-22 17:18:11,684 - safe_zone.database - INFO - Database timezone configured: UTC
2025-10-22 17:18:11,684 - safe_zone.database - INFO - Current database time (UTC): 2025-10-22 13:18:11.683905+00:00
2025-10-22 17:18:11,686 - safe_zone.database - INFO - Timezone-aware timestamp: 2025-10-22 13:18:11.685364+00:00
2025-10-22 17:18:11,687 - safe_zone.database - INFO - Timezone conversion test passed: False
2025-10-22 17:18:11,688 - safe_zone - INFO - Database connection established
2025-10-22 17:19:50,494 - safe_zone.database - INFO - Database connection pool closed
2025-10-22 17:19:50,494 - safe_zone - INFO - Database connection closed
2025-10-22 17:19:50,494 - safe_zone - INFO - Safe Zone API Server stopped
2025-10-22 17:19:51,283 - safe_zone - INFO - Logging setup completed
2025-10-22 17:19:51,871 - safe_zone - INFO - Logging setup completed
2025-10-22 17:19:51,962 - safe_zone - INFO - Starting Safe Zone API Server
2025-10-22 17:19:51,962 - safe_zone.database - INFO - Attempting to connect to: 127.0.0.1:5433/safe_zone
2025-10-22 17:19:52,006 - safe_zone.database - INFO - Database connection pool created successfully
2025-10-22 17:19:52,010 - safe_zone.database - INFO - Database timezone configured: UTC
2025-10-22 17:19:52,010 - safe_zone.database - INFO - Current database time (UTC): 2025-10-22 13:19:52.008589+00:00
2025-10-22 17:19:52,012 - safe_zone.database - INFO - Timezone-aware timestamp: 2025-10-22 13:19:52.011641+00:00
2025-10-22 17:19:52,014 - safe_zone.database - INFO - Timezone conversion test passed: False
2025-10-22 17:19:52,014 - safe_zone - INFO - Database connection established
2025-10-22 17:51:41,091 - safe_zone.database - INFO - Database connection pool closed
2025-10-22 17:51:41,092 - safe_zone - INFO - Database connection closed
2025-10-22 17:51:41,092 - safe_zone - INFO - Safe Zone API Server stopped
2025-10-22 17:51:41,940 - safe_zone - INFO - Logging setup completed
2025-10-22 17:51:42,489 - safe_zone - INFO - Logging setup completed
2025-10-22 17:51:42,577 - safe_zone - INFO - Starting Safe Zone API Server
2025-10-22 17:51:42,578 - safe_zone.database - INFO - Attempting to connect to: 127.0.0.1:5433/safe_zone
2025-10-22 17:51:42,617 - safe_zone.database - INFO - Database connection pool created successfully
2025-10-22 17:51:42,620 - safe_zone.database - INFO - Database timezone configured: UTC
2025-10-22 17:51:42,620 - safe_zone.database - INFO - Current database time (UTC): 2025-10-22 13:51:42.619247+00:00
2025-10-22 17:51:42,622 - safe_zone.database - INFO - Timezone-aware timestamp: 2025-10-22 13:51:42.621345+00:00
2025-10-22 17:51:42,623 - safe_zone.database - INFO - Timezone conversion test passed: False
2025-10-22 17:51:42,624 - safe_zone - INFO - Database connection established
2025-10-22 17:52:32,090 - safe_zone.websocket_auth - INFO - WebSocket authentication successful for user 63817529-4ddd-443f-aee8-d832a5668035
2025-10-22 17:52:32,092 - safe_zone.connection_manager - INFO - WebSocket connection established: 28ad99f2-3691-44a6-bf72-2b999ef7c8ab for user 63817529-4ddd-443f-aee8-d832a5668035
2025-10-22 17:52:32,093 - safe_zone.websocket - INFO - WebSocket connection 28ad99f2-3691-44a6-bf72-2b999ef7c8ab established for user 63817529-4ddd-443f-aee8-d832a5668035
2025-10-22 17:52:32,095 - safe_zone.websocket - INFO - WebSocket connection 28ad99f2-3691-44a6-bf72-2b999ef7c8ab disconnected normally
2025-10-22 17:52:32,095 - safe_zone.connection_manager - INFO - WebSocket connection removed: 28ad99f2-3691-44a6-bf72-2b999ef7c8ab
2025-10-22 17:55:26,639 - safe_zone.database - INFO - Database connection pool closed
2025-10-22 17:55:26,640 - safe_zone - INFO - Database connection closed
2025-10-22 17:55:26,640 - safe_zone - INFO - Safe Zone API Server stopped
2025-10-22 17:55:27,428 - safe_zone - INFO - Logging setup completed
2025-10-22 17:55:27,980 - safe_zone - INFO - Logging setup completed
2025-10-22 17:55:28,064 - safe_zone - INFO - Starting Safe Zone API Server
2025-10-22 17:55:28,064 - safe_zone.database - INFO - Attempting to connect to: 127.0.0.1:5433/safe_zone
2025-10-22 17:55:28,103 - safe_zone.database - INFO - Database connection pool created successfully
2025-10-22 17:55:28,106 - safe_zone.database - INFO - Database timezone configured: UTC
2025-10-22 17:55:28,106 - safe_zone.database - INFO - Current database time (UTC): 2025-10-22 13:55:28.105222+00:00
2025-10-22 17:55:28,107 - safe_zone.database - INFO - Timezone-aware timestamp: 2025-10-22 13:55:28.106588+00:00
2025-10-22 17:55:28,109 - safe_zone.database - INFO - Timezone conversion test passed: False
2025-10-22 17:55:28,110 - safe_zone - INFO - Database connection established
2025-10-22 18:01:14,154 - safe_zone.database - INFO - Database connection pool closed
2025-10-22 18:01:14,155 - safe_zone - INFO - Database connection closed
2025-10-22 18:01:14,155 - safe_zone - INFO - Safe Zone API Server stopped
2025-10-22 18:01:14,942 - safe_zone - INFO - Logging setup completed
2025-10-22 18:01:15,489 - safe_zone - INFO - Logging setup completed
2025-10-22 18:01:15,577 - safe_zone - INFO - Starting Safe Zone API Server
2025-10-22 18:01:15,577 - safe_zone.database - INFO - Attempting to connect to: 127.0.0.1:5433/safe_zone
2025-10-22 18:01:15,618 - safe_zone.database - INFO - Database connection pool created successfully
2025-10-22 18:01:15,621 - safe_zone.database - INFO - Database timezone configured: UTC
2025-10-22 18:01:15,622 - safe_zone.database - INFO - Current database time (UTC): 2025-10-22 14:01:15.620760+00:00
2025-10-22 18:01:15,623 - safe_zone.database - INFO - Timezone-aware timestamp: 2025-10-22 14:01:15.622391+00:00
2025-10-22 18:01:15,625 - safe_zone.database - INFO - Timezone conversion test passed: False
2025-10-22 18:01:15,626 - safe_zone - INFO - Database connection established
2025-10-22 18:01:54,213 - safe_zone.database - INFO - Database connection pool closed
2025-10-22 18:01:54,213 - safe_zone - INFO - Database connection closed
2025-10-22 18:01:54,214 - safe_zone - INFO - Safe Zone API Server stopped
2025-10-22 18:01:54,991 - safe_zone - INFO - Logging setup completed
2025-10-22 18:01:55,529 - safe_zone - INFO - Logging setup completed
2025-10-22 18:01:55,615 - safe_zone - INFO - Starting Safe Zone API Server
2025-10-22 18:01:55,615 - safe_zone.database - INFO - Attempting to connect to: 127.0.0.1:5433/safe_zone
2025-10-22 18:01:55,654 - safe_zone.database - INFO - Database connection pool created successfully
2025-10-22 18:01:55,656 - safe_zone.database - INFO - Database timezone configured: UTC
2025-10-22 18:01:55,657 - safe_zone.database - INFO - Current database time (UTC): 2025-10-22 14:01:55.656113+00:00
2025-10-22 18:01:55,658 - safe_zone.database - INFO - Timezone-aware timestamp: 2025-10-22 14:01:55.657315+00:00
2025-10-22 18:01:55,660 - safe_zone.database - INFO - Timezone conversion test passed: False
2025-10-22 18:01:55,660 - safe_zone - INFO - Database connection established
2025-10-22 18:03:04,421 - safe_zone.database - INFO - Database connection pool closed
2025-10-22 18:03:04,422 - safe_zone - INFO - Database connection closed
2025-10-22 18:03:04,422 - safe_zone - INFO - Safe Zone API Server stopped
2025-10-22 18:03:05,198 - safe_zone - INFO - Logging setup completed
2025-10-22 18:03:05,732 - safe_zone - INFO - Logging setup completed
2025-10-22 18:03:05,817 - safe_zone - INFO - Starting Safe Zone API Server
2025-10-22 18:03:05,817 - safe_zone.database - INFO - Attempting to connect to: 127.0.0.1:5433/safe_zone
2025-10-22 18:03:05,857 - safe_zone.database - INFO - Database connection pool created successfully
2025-10-22 18:03:05,859 - safe_zone.database - INFO - Database timezone configured: UTC
2025-10-22 18:03:05,859 - safe_zone.database - INFO - Current database time (UTC): 2025-10-22 14:03:05.858788+00:00
2025-10-22 18:03:05,861 - safe_zone.database - INFO - Timezone-aware timestamp: 2025-10-22 14:03:05.860251+00:00
2025-10-22 18:03:05,863 - safe_zone.database - INFO - Timezone conversion test passed: False
2025-10-22 18:03:05,863 - safe_zone - INFO - Database connection established
2025-10-22 18:04:05,406 - safe_zone.health - INFO - Health check - Database connected
2025-10-22 18:08:18,773 - safe_zone.database - INFO - Database connection pool closed
2025-10-22 18:08:18,774 - safe_zone - INFO - Database connection closed
2025-10-22 18:08:18,774 - safe_zone - INFO - Safe Zone API Server stopped
2025-10-22 18:08:19,620 - safe_zone - INFO - Logging setup completed
2025-10-22 18:08:20,221 - safe_zone - INFO - Logging setup completed
2025-10-22 18:08:20,327 - safe_zone - INFO - Starting Safe Zone API Server
2025-10-22 18:08:20,327 - safe_zone.database - INFO - Attempting to connect to: 127.0.0.1:5433/safe_zone
2025-10-22 18:08:20,373 - safe_zone.database - INFO - Database connection pool created successfully
2025-10-22 18:08:20,376 - safe_zone.database - INFO - Database timezone configured: UTC
2025-10-22 18:08:20,376 - safe_zone.database - INFO - Current database time (UTC): 2025-10-22 14:08:20.375605+00:00
2025-10-22 18:08:20,378 - safe_zone.database - INFO - Timezone-aware timestamp: 2025-10-22 14:08:20.377375+00:00
2025-10-22 18:08:20,380 - safe_zone.database - INFO - Timezone conversion test passed: False
2025-10-22 18:08:20,381 - safe_zone - INFO - Database connection established
2025-10-22 18:08:55,189 - safe_zone.database - INFO - Database connection pool closed
2025-10-22 18:08:55,190 - safe_zone - INFO - Database connection closed
2025-10-22 18:08:55,190 - safe_zone - INFO - Safe Zone API Server stopped
2025-10-22 18:08:56,041 - safe_zone - INFO - Logging setup completed
2025-10-22 18:08:56,628 - safe_zone - INFO - Logging setup completed
2025-10-22 18:08:56,730 - safe_zone - INFO - Starting Safe Zone API Server
2025-10-22 18:08:56,730 - safe_zone.database - INFO - Attempting to connect to: 127.0.0.1:5433/safe_zone
2025-10-22 18:08:56,778 - safe_zone.database - INFO - Database connection pool created successfully
2025-10-22 18:08:56,781 - safe_zone.database - INFO - Database timezone configured: UTC
2025-10-22 18:08:56,781 - safe_zone.database - INFO - Current database time (UTC): 2025-10-22 14:08:56.780442+00:00
2025-10-22 18:08:56,782 - safe_zone.database - INFO - Timezone-aware timestamp: 2025-10-22 14:08:56.781950+00:00
2025-10-22 18:08:56,784 - safe_zone.database - INFO - Timezone conversion test passed: False
2025-10-22 18:08:56,785 - safe_zone - INFO - Database connection established
2025-10-22 18:12:12,724 - safe_zone.database - INFO - Database connection pool closed
2025-10-22 18:12:12,724 - safe_zone - INFO - Database connection closed
2025-10-22 18:12:12,725 - safe_zone - INFO - Safe Zone API Server stopped
2025-10-22 18:12:13,648 - safe_zone - INFO - Logging setup completed
2025-10-22 18:12:14,251 - safe_zone - INFO - Logging setup completed
2025-10-22 18:12:14,363 - safe_zone - INFO - Starting Safe Zone API Server
2025-10-22 18:12:14,364 - safe_zone.database - INFO - Attempting to connect to: 127.0.0.1:5433/safe_zone
2025-10-22 18:12:14,444 - safe_zone.database - INFO - Database connection pool created successfully
2025-10-22 18:12:14,449 - safe_zone.database - INFO - Database timezone configured: UTC
2025-10-22 18:12:14,449 - safe_zone.database - INFO - Current database time (UTC): 2025-10-22 14:12:14.447730+00:00
2025-10-22 18:12:14,451 - safe_zone.database - INFO - Timezone-aware timestamp: 2025-10-22 14:12:14.450260+00:00
2025-10-22 18:12:14,454 - safe_zone.database - INFO - Timezone conversion test passed: False
2025-10-22 18:12:14,455 - safe_zone - INFO - Database connection established
2025-10-22 20:51:41,519 - safe_zone - INFO - Logging setup completed
2025-10-22 20:51:42,728 - safe_zone - INFO - Logging setup completed
2025-10-22 20:51:42,836 - safe_zone - INFO - Starting Safe Zone API Server
2025-10-22 20:51:42,836 - safe_zone.database - INFO - Attempting to connect to: 127.0.0.1:5433/safe_zone
2025-10-22 20:51:42,921 - safe_zone.database - INFO - Database connection pool created successfully
2025-10-22 20:51:42,951 - safe_zone.database - INFO - Database timezone configured: UTC
2025-10-22 20:51:42,951 - safe_zone.database - INFO - Current database time (UTC): 2025-10-22 16:51:42.930518+00:00
2025-10-22 20:51:42,957 - safe_zone.database - INFO - Timezone-aware timestamp: 2025-10-22 16:51:42.952132+00:00
2025-10-22 20:51:42,984 - safe_zone.database - INFO - Timezone conversion test passed: False
2025-10-22 20:51:42,989 - safe_zone - INFO - Database connection established
2025-10-22 21:35:29,201 - safe_zone.database - INFO - Database connection pool closed
2025-10-22 21:35:29,202 - safe_zone - INFO - Database connection closed
2025-10-22 21:35:29,202 - safe_zone - INFO - Safe Zone API Server stopped
2025-10-22 21:35:30,629 - safe_zone - INFO - Logging setup completed
2025-10-22 21:35:31,402 - safe_zone - INFO - Logging setup completed
2025-10-22 21:35:31,514 - safe_zone - INFO - Starting Safe Zone API Server
2025-10-22 21:35:31,515 - safe_zone.database - INFO - Attempting to connect to: 127.0.0.1:5433/safe_zone
2025-10-22 21:35:31,562 - safe_zone.database - INFO - Database connection pool created successfully
2025-10-22 21:35:31,566 - safe_zone.database - INFO - Database timezone configured: UTC
2025-10-22 21:35:31,566 - safe_zone.database - INFO - Current database time (UTC): 2025-10-22 17:35:31.565097+00:00
2025-10-22 21:35:31,567 - safe_zone.database - INFO - Timezone-aware timestamp: 2025-10-22 17:35:31.567139+00:00
2025-10-22 21:35:31,569 - safe_zone.database - INFO - Timezone conversion test passed: False
2025-10-22 21:35:31,570 - safe_zone - INFO - Database connection established
2025-10-22 23:11:30,993 - safe_zone.database - INFO - Database connection pool closed
2025-10-22 23:11:30,994 - safe_zone - INFO - Database connection closed
2025-10-22 23:11:30,995 - safe_zone - INFO - Safe Zone API Server stopped
2025-10-22 23:11:32,247 - safe_zone - INFO - Logging setup completed
2025-10-22 23:11:32,855 - safe_zone - INFO - Logging setup completed
2025-10-22 23:11:32,937 - safe_zone - INFO - Starting Safe Zone API Server
2025-10-22 23:11:32,937 - safe_zone.database - INFO - Attempting to connect to: 127.0.0.1:5433/safe_zone
2025-10-22 23:11:32,976 - safe_zone.database - INFO - Database connection pool created successfully
2025-10-22 23:11:32,979 - safe_zone.database - INFO - Database timezone configured: UTC
2025-10-22 23:11:32,979 - safe_zone.database - INFO - Current database time (UTC): 2025-10-22 19:11:32.978345+00:00
2025-10-22 23:11:32,980 - safe_zone.database - INFO - Timezone-aware timestamp: 2025-10-22 19:11:32.979667+00:00
2025-10-22 23:11:32,982 - safe_zone.database - INFO - Timezone conversion test passed: False
2025-10-22 23:11:32,983 - safe_zone - INFO - Database connection established
2025-10-22 23:12:16,749 - safe_zone.database - INFO - Database connection pool closed
2025-10-22 23:12:16,749 - safe_zone - INFO - Database connection closed
2025-10-22 23:12:16,749 - safe_zone - INFO - Safe Zone API Server stopped
2025-10-22 23:12:17,513 - safe_zone - INFO - Logging setup completed
2025-10-22 23:12:18,044 - safe_zone - INFO - Logging setup completed
2025-10-22 23:12:18,124 - safe_zone - INFO - Starting Safe Zone API Server
2025-10-22 23:12:18,124 - safe_zone.database - INFO - Attempting to connect to: 127.0.0.1:5433/safe_zone
2025-10-22 23:12:18,162 - safe_zone.database - INFO - Database connection pool created successfully
2025-10-22 23:12:18,165 - safe_zone.database - INFO - Database timezone configured: UTC
2025-10-22 23:12:18,165 - safe_zone.database - INFO - Current database time (UTC): 2025-10-22 19:12:18.164367+00:00
2025-10-22 23:12:18,167 - safe_zone.database - INFO - Timezone-aware timestamp: 2025-10-22 19:12:18.166163+00:00
2025-10-22 23:12:18,168 - safe_zone.database - INFO - Timezone conversion test passed: False
2025-10-22 23:12:18,169 - safe_zone - INFO - Database connection established
2025-10-22 23:19:35,865 - safe_zone.database - INFO - Database connection pool closed
2025-10-22 23:19:35,866 - safe_zone - INFO - Database connection closed
2025-10-22 23:19:35,866 - safe_zone - INFO - Safe Zone API Server stopped
2025-10-22 23:19:36,624 - safe_zone - INFO - Logging setup completed
2025-10-22 23:19:37,145 - safe_zone - INFO - Logging setup completed
2025-10-22 23:19:37,224 - safe_zone - INFO - Starting Safe Zone API Server
2025-10-22 23:19:37,224 - safe_zone.database - INFO - Attempting to connect to: 127.0.0.1:5433/safe_zone
2025-10-22 23:19:37,261 - safe_zone.database - INFO - Database connection pool created successfully
2025-10-22 23:19:37,264 - safe_zone.database - INFO - Database timezone configured: UTC
2025-10-22 23:19:37,264 - safe_zone.database - INFO - Current database time (UTC): 2025-10-22 19:19:37.263357+00:00
2025-10-22 23:19:37,265 - safe_zone.database - INFO - Timezone-aware timestamp: 2025-10-22 19:19:37.264761+00:00
2025-10-22 23:19:37,267 - safe_zone.database - INFO - Timezone conversion test passed: False
2025-10-22 23:19:37,268 - safe_zone - INFO - Database connection established
2025-10-22 23:22:31,339 - safe_zone.database - INFO - Database connection pool closed
2025-10-22 23:22:31,340 - safe_zone - INFO - Database connection closed
2025-10-22 23:22:31,341 - safe_zone - INFO - Safe Zone API Server stopped
2025-10-22 23:22:32,078 - safe_zone - INFO - Logging setup completed
2025-10-22 23:22:32,610 - safe_zone - INFO - Logging setup completed
2025-10-22 23:22:32,696 - safe_zone - INFO - Starting Safe Zone API Server
2025-10-22 23:22:32,696 - safe_zone.database - INFO - Attempting to connect to: 127.0.0.1:5433/safe_zone
2025-10-22 23:22:32,735 - safe_zone.database - INFO - Database connection pool created successfully
2025-10-22 23:22:32,737 - safe_zone.database - INFO - Database timezone configured: UTC
2025-10-22 23:22:32,738 - safe_zone.database - INFO - Current database time (UTC): 2025-10-22 19:22:32.736919+00:00
2025-10-22 23:22:32,740 - safe_zone.database - INFO - Timezone-aware timestamp: 2025-10-22 19:22:32.739986+00:00
2025-10-22 23:22:32,742 - safe_zone.database - INFO - Timezone conversion test passed: False
2025-10-22 23:22:32,743 - safe_zone - INFO - Database connection established
2025-10-22 23:25:07,360 - safe_zone.database - INFO - Database connection pool closed
2025-10-22 23:25:07,360 - safe_zone - INFO - Database connection closed
2025-10-22 23:25:07,360 - safe_zone - INFO - Safe Zone API Server stopped
2025-10-22 23:25:08,110 - safe_zone - INFO - Logging setup completed
2025-10-22 23:25:08,647 - safe_zone - INFO - Logging setup completed
2025-10-22 23:25:08,735 - safe_zone - INFO - Starting Safe Zone API Server
2025-10-22 23:25:08,736 - safe_zone.database - INFO - Attempting to connect to: 127.0.0.1:5433/safe_zone
2025-10-22 23:25:08,774 - safe_zone.database - INFO - Database connection pool created successfully
2025-10-22 23:25:08,776 - safe_zone.database - INFO - Database timezone configured: UTC
2025-10-22 23:25:08,777 - safe_zone.database - INFO - Current database time (UTC): 2025-10-22 19:25:08.776041+00:00
2025-10-22 23:25:08,778 - safe_zone.database - INFO - Timezone-aware timestamp: 2025-10-22 19:25:08.777403+00:00
2025-10-22 23:25:08,781 - safe_zone.database - INFO - Timezone conversion test passed: False
2025-10-22 23:25:08,781 - safe_zone - INFO - Database connection established
2025-10-22 23:26:24,083 - safe_zone.database - INFO - Database connection pool closed
2025-10-22 23:26:24,084 - safe_zone - INFO - Database connection closed
2025-10-22 23:26:24,084 - safe_zone - INFO - Safe Zone API Server stopped
2025-10-22 23:26:24,865 - safe_zone - INFO - Logging setup completed
2025-10-22 23:26:25,435 - safe_zone - INFO - Logging setup completed
2025-10-22 23:26:25,526 - safe_zone - INFO - Starting Safe Zone API Server
2025-10-22 23:26:25,527 - safe_zone.database - INFO - Attempting to connect to: 127.0.0.1:5433/safe_zone
2025-10-22 23:26:25,566 - safe_zone.database - INFO - Database connection pool created successfully
2025-10-22 23:26:25,569 - safe_zone.database - INFO - Database timezone configured: UTC
2025-10-22 23:26:25,569 - safe_zone.database - INFO - Current database time (UTC): 2025-10-22 19:26:25.568257+00:00
2025-10-22 23:26:25,570 - safe_zone.database - INFO - Timezone-aware timestamp: 2025-10-22 19:26:25.569600+00:00
2025-10-22 23:26:25,572 - safe_zone.database - INFO - Timezone conversion test passed: False
2025-10-22 23:26:25,573 - safe_zone - INFO - Database connection established
2025-10-22 23:48:28,106 - safe_zone.database - INFO - Database connection pool closed
2025-10-22 23:48:28,106 - safe_zone - INFO - Database connection closed
2025-10-22 23:48:28,106 - safe_zone - INFO - Safe Zone API Server stopped
2025-10-22 23:48:28,976 - safe_zone - INFO - Logging setup completed
2025-10-22 23:48:29,567 - safe_zone - INFO - Logging setup completed
2025-10-22 23:48:29,673 - safe_zone - INFO - Starting Safe Zone API Server
2025-10-22 23:48:29,673 - safe_zone.database - INFO - Attempting to connect to: 127.0.0.1:5433/safe_zone
2025-10-22 23:48:29,712 - safe_zone.database - INFO - Database connection pool created successfully
2025-10-22 23:48:29,714 - safe_zone.database - INFO - Database timezone configured: UTC
2025-10-22 23:48:29,715 - safe_zone.database - INFO - Current database time (UTC): 2025-10-22 19:48:29.714149+00:00
2025-10-22 23:48:29,716 - safe_zone.database - INFO - Timezone-aware timestamp: 2025-10-22 19:48:29.715466+00:00
2025-10-22 23:48:29,718 - safe_zone.database - INFO - Timezone conversion test passed: False
2025-10-22 23:48:29,719 - safe_zone - INFO - Database connection established
2025-10-23 00:07:52,706 - safe_zone.database - INFO - Database connection pool closed
2025-10-23 00:07:52,706 - safe_zone - INFO - Database connection closed
2025-10-23 00:07:52,706 - safe_zone - INFO - Safe Zone API Server stopped
2025-10-23 00:07:53,478 - safe_zone - INFO - Logging setup completed
2025-10-23 00:07:54,015 - safe_zone - INFO - Logging setup completed
2025-10-23 00:07:54,110 - safe_zone - INFO - Starting Safe Zone API Server
2025-10-23 00:07:54,110 - safe_zone.database - INFO - Attempting to connect to: 127.0.0.1:5433/safe_zone
2025-10-23 00:07:54,148 - safe_zone.database - INFO - Database connection pool created successfully
2025-10-23 00:07:54,151 - safe_zone.database - INFO - Database timezone configured: UTC
2025-10-23 00:07:54,152 - safe_zone.database - INFO - Current database time (UTC): 2025-10-22 20:07:54.150856+00:00
2025-10-23 00:07:54,153 - safe_zone.database - INFO - Timezone-aware timestamp: 2025-10-22 20:07:54.152462+00:00
2025-10-23 00:07:54,155 - safe_zone.database - INFO - Timezone conversion test passed: False
2025-10-23 00:07:54,156 - safe_zone - INFO - Database connection established
2025-10-23 00:08:34,814 - safe_zone.database - INFO - Database connection pool closed
2025-10-23 00:08:34,814 - safe_zone - INFO - Database connection closed
2025-10-23 00:08:34,814 - safe_zone - INFO - Safe Zone API Server stopped
2025-10-23 00:08:35,561 - safe_zone - INFO - Logging setup completed
2025-10-23 00:08:36,131 - safe_zone - INFO - Logging setup completed
2025-10-23 00:08:36,233 - safe_zone - INFO - Starting Safe Zone API Server
2025-10-23 00:08:36,234 - safe_zone.database - INFO - Attempting to connect to: 127.0.0.1:5433/safe_zone
2025-10-23 00:08:36,274 - safe_zone.database - INFO - Database connection pool created successfully
2025-10-23 00:08:36,277 - safe_zone.database - INFO - Database timezone configured: UTC
2025-10-23 00:08:36,277 - safe_zone.database - INFO - Current database time (UTC): 2025-10-22 20:08:36.276901+00:00
2025-10-23 00:08:36,279 - safe_zone.database - INFO - Timezone-aware timestamp: 2025-10-22 20:08:36.278249+00:00
2025-10-23 00:08:36,280 - safe_zone.database - INFO - Timezone conversion test passed: False
2025-10-23 00:08:36,281 - safe_zone - INFO - Database connection established
2025-10-23 00:22:29,306 - safe_zone.database - INFO - Database connection pool closed
2025-10-23 00:22:29,306 - safe_zone - INFO - Database connection closed
2025-10-23 00:22:29,306 - safe_zone - INFO - Safe Zone API Server stopped
2025-10-23 00:22:30,081 - safe_zone - INFO - Logging setup completed
2025-10-23 00:22:30,619 - safe_zone - INFO - Logging setup completed
2025-10-23 00:22:30,705 - safe_zone - INFO - Starting Safe Zone API Server
2025-10-23 00:22:30,705 - safe_zone.database - INFO - Attempting to connect to: 127.0.0.1:5433/safe_zone
2025-10-23 00:22:30,741 - safe_zone.database - INFO - Database connection pool created successfully
2025-10-23 00:22:30,744 - safe_zone.database - INFO - Database timezone configured: UTC
2025-10-23 00:22:30,744 - safe_zone.database - INFO - Current database time (UTC): 2025-10-22 20:22:30.743521+00:00
2025-10-23 00:22:30,745 - safe_zone.database - INFO - Timezone-aware timestamp: 2025-10-22 20:22:30.744871+00:00
2025-10-23 00:22:30,747 - safe_zone.database - INFO - Timezone conversion test passed: False
2025-10-23 00:22:30,748 - safe_zone - INFO - Database connection established
2025-10-23 07:07:38,493 - safe_zone - INFO - Logging setup completed
2025-10-23 07:07:39,350 - safe_zone - INFO - Logging setup completed
2025-10-23 07:07:39,437 - safe_zone - INFO - Starting Safe Zone API Server
2025-10-23 07:07:39,437 - safe_zone.database - INFO - Attempting to connect to: 127.0.0.1:5433/safe_zone
2025-10-23 07:07:39,513 - safe_zone.database - INFO - Database connection pool created successfully
2025-10-23 07:07:39,534 - safe_zone.database - INFO - Database timezone configured: UTC
2025-10-23 07:07:39,535 - safe_zone.database - INFO - Current database time (UTC): 2025-10-23 03:07:39.520562+00:00
2025-10-23 07:07:39,538 - safe_zone.database - INFO - Timezone-aware timestamp: 2025-10-23 03:07:39.535409+00:00
2025-10-23 07:07:39,551 - safe_zone.database - INFO - Timezone conversion test passed: False
2025-10-23 07:07:39,554 - safe_zone - INFO - Database connection established
2025-10-23 07:44:20,265 - safe_zone.database - INFO - Database connection pool closed
2025-10-23 07:44:20,267 - safe_zone - INFO - Database connection closed
2025-10-23 07:44:20,267 - safe_zone - INFO - Safe Zone API Server stopped
2025-10-23 07:44:21,476 - safe_zone - INFO - Logging setup completed
2025-10-23 07:44:22,139 - safe_zone - INFO - Logging setup completed
2025-10-23 07:44:22,235 - safe_zone - INFO - Starting Safe Zone API Server
2025-10-23 07:44:22,235 - safe_zone.database - INFO - Attempting to connect to: 127.0.0.1:5433/safe_zone
2025-10-23 07:44:22,274 - safe_zone.database - INFO - Database connection pool created successfully
2025-10-23 07:44:22,276 - safe_zone.database - INFO - Database timezone configured: UTC
2025-10-23 07:44:22,277 - safe_zone.database - INFO - Current database time (UTC): 2025-10-23 03:44:22.275962+00:00
2025-10-23 07:44:22,278 - safe_zone.database - INFO - Timezone-aware timestamp: 2025-10-23 03:44:22.277307+00:00
2025-10-23 07:44:22,280 - safe_zone.database - INFO - Timezone conversion test passed: False
2025-10-23 07:44:22,280 - safe_zone - INFO - Database connection established
